Participant	Statement	Accuracy	Confidence_level	Confidence_type	Free_cued_recall
1	1	1	100.0	1.0	1
1	10	1			1
1	11	1			1
1	12	1			1
1	13	1	100.0	1.0	1
1	14	1	40.0	1.0	2
1	15	0	20.0	1.0	2
1	16	1	100.0	1.0	2
1	17	1	100.0	1.0	2
1	18	1	80.0	1.0	2
1	19	1	100.0	1.0	2
1	2	1	100.0	1.0	1
1	20	1	40.0	1.0	2
1	21	1			2
1	22	1	100.0	1.0	2
1	23	0			2
1	24	1	100.0	1.0	2
1	25	0			2
1	26	1	100.0	2.0	2
1	27	1	80.0	1.0	2
1	28	1			2
1	29	1	80.0	1.0	2
1	3	1	100.0	1.0	1
1	30	1	80.0	2.0	2
1	31	1			2
1	32	1	80.0	1.0	2
1	33	1	100.0	1.0	2
1	34	1	100.0	1.0	2
1	35	0	60.0	1.0	2
1	36	1			2
1	37	1	100.0	2.0	2
1	39	1			2
1	4	1	100.0	1.0	1
1	40	1	40.0	1.0	2
1	41	1	40.0	2.0	2
1	43	0			2
1	44	0			2
1	45	0			2
1	46	0			2
1	47	1			2
1	48	0			2
1	49	1			2
1	5	1			1
1	50	1			2
1	51	1	100.0	2.0	2
1	52	1	80.0	1.0	2
1	53	1	80.0	1.0	2
1	54	1	100.0	1.0	2
1	55	1			2
1	56	0	100.0	2.0	2
1	57	1	40.0	2.0	2
1	58	1	100.0	2.0	2
1	59	1	100.0	1.0	2
1	6	1	100.0	1.0	1
1	60	1	100.0	2.0	2
1	61	1	60.0	1.0	2
1	62	1	100.0	1.0	2
1	63	0	40.0	1.0	2
1	64	0	40.0	2.0	2
1	65	0	60.0	1.0	2
1	66	1			2
1	67	1	60.0	1.0	2
1	68	1	100.0	1.0	2
1	69	1			2
1	7	1			1
1	70	1	80.0	1.0	2
1	71	1	100.0	1.0	2
1	72	0			2
1	75	1	100.0	2.0	2
1	77	1	100.0	1.0	2
1	79	0	100.0	1.0	2
1	8	1	100.0	1.0	1
1	80	1	100.0	1.0	2
1	81	1			2
1	89	1	20.0	2.0	2
1	9	1	100.0	1.0	1
1	90	1			2
1	94	0			2
1	96	0	100.0	1.0	2
1	98	1			2
10	1	1	20.0	1.0	1
10	10	0			1
10	11	1			1
10	12	1	100.0	1.0	1
10	13	1	100.0	1.0	1
10	14	1	100.0	1.0	1
10	15	0	100.0	1.0	1
10	16	1	100.0	1.0	1
10	17	0			1
10	18	1			2
10	19	0	100.0	2.0	2
10	2	1	100.0	1.0	1
10	20	1	100.0	2.0	2
10	21	1			2
10	22	1			2
10	23	0	80.0	1.0	2
10	24	0	80.0	1.0	2
10	25	0	100.0	1.0	2
10	26	1			2
10	27	1	60.0	1.0	2
10	28	1			2
10	29	0			2
10	3	1	80.0	1.0	1
10	31	1	80.0	2.0	2
10	32	0	80.0	2.0	2
10	33	1	100.0	2.0	2
10	34	1			2
10	35	1	80.0	2.0	2
10	36	1			2
10	37	1	100.0	1.0	2
10	38	1	100.0	1.0	2
10	39	1	100.0	2.0	2
10	4	0	100.0	1.0	1
10	41	0	100.0	1.0	2
10	42	0	100.0	1.0	2
10	43	1	100.0	1.0	2
10	44	1			2
10	45	0	100.0	1.0	2
10	46	0			2
10	47	0			2
10	48	1	100.0	2.0	2
10	49	1	100.0	1.0	2
10	5	1	100.0	1.0	1
10	50	1	100.0	1.0	2
10	51	1	100.0	1.0	2
10	52	0	100.0	2.0	2
10	53	1	100.0	1.0	2
10	54	1	80.0	1.0	2
10	55	1	100.0	2.0	2
10	56	1			2
10	57	1			2
10	59	0			2
10	6	1			1
10	60	0			2
10	61	0	80.0	1.0	2
10	62	1	100.0	2.0	2
10	63	0			2
10	64	1	60.0	1.0	2
10	65	0			2
10	66	1			2
10	69	1			2
10	7	1	100.0	1.0	1
10	70	1	100.0	1.0	2
10	71	1			2
10	74	0			2
10	75	1	80.0	1.0	2
10	76	1	40.0	1.0	2
10	77	1			2
10	78	1			2
10	79	1	100.0	1.0	2
10	8	1	100.0	1.0	1
10	80	1	80.0	1.0	2
10	81	0	40.0	1.0	2
10	82	1			2
10	83	1			2
10	84	1	100.0	2.0	2
10	85	1			2
10	86	1	80.0	1.0	2
10	87	1			2
10	88	1	100.0	1.0	2
10	89	1	100.0	1.0	2
10	9	1	100.0	1.0	1
11	1	1			1
11	10	0			2
11	11	1	60.0	1.0	2
11	12	1	100.0	1.0	2
11	13	0	60.0	1.0	2
11	14	1	80.0	1.0	2
11	15	1	100.0	1.0	2
11	16	1			2
11	17	1	100.0	1.0	2
11	18	1	100.0	1.0	2
11	19	1	80.0	1.0	2
11	2	1	100.0	1.0	1
11	20	1	60.0	1.0	2
11	21	1	100.0	1.0	2
11	22	1	60.0	1.0	2
11	23	0	100.0	1.0	2
11	24	1			2
11	25	1			2
11	26	1	100.0	2.0	2
11	27	1			2
11	28	1	100.0	1.0	2
11	29	1			2
11	3	1			1
11	30	1	80.0	1.0	2
11	31	0	60.0	1.0	2
11	32	0	40.0	1.0	2
11	33	1	100.0	1.0	2
11	34	1	100.0	1.0	2
11	35	1			2
11	36	1	100.0	1.0	2
11	37	1	100.0	1.0	2
11	38	1	80.0	1.0	2
11	39	1			2
11	4	1			1
11	40	0	80.0	1.0	2
11	41	0	40.0	1.0	2
11	42	0	20.0	1.0	2
11	43	1	20.0	1.0	2
11	5	1	100.0	1.0	1
11	6	1			1
11	7	1	100.0	2.0	2
11	8	1	80.0	1.0	2
11	9	1			2
12	1	1			1
12	10	1	100.0	1.0	1
12	11	1			1
12	12	1	100.0	1.0	2
12	13	1	100.0	2.0	2
12	14	1	100.0	2.0	2
12	15	1	100.0	1.0	2
12	16	1	40.0	1.0	2
12	17	0	60.0	1.0	2
12	18	1	100.0	1.0	2
12	19	1			2
12	19,5	1	100.0	1.0	2
12	2	1	100.0	1.0	1
12	20	1	80.0	1.0	2
12	20,5	1	60.0	1.0	2
12	21	0	20.0	1.0	2
12	22	1	100.0	2.0	2
12	23	0	0.0	1.0	2
12	24	1	80.0	1.0	2
12	25	0			2
12	26	1	20.0	1.0	2
12	27	1	100.0	1.0	2
12	28	1	100.0	1.0	2
12	29	0	60.0	1.0	2
12	3	1			1
12	30	1	100.0	2.0	2
12	31	1	100.0	2.0	2
12	32	0			2
12	33	1	80.0	1.0	2
12	34	1	80.0	2.0	2
12	35	1	80.0	1.0	2
12	36	1			2
12	37	1	80.0	1.0	2
12	38	0	100.0	1.0	2
12	39	0	40.0	1.0	2
12	4	0			1
12	40	1			2
12	41	1	100.0	1.0	2
12	42	0	40.0	1.0	2
12	43	1			2
12	44	1			2
12	45	1			2
12	46	1			2
12	47	1	100.0	1.0	2
12	48	1	100.0	2.0	2
12	49	0	60.0	1.0	2
12	5	1			1
12	50	1	100.0	1.0	2
12	51	1	20.0	1.0	2
12	52	0	80.0	1.0	2
12	53	1			2
12	54	1			2
12	55	1			2
12	56	0	0.0	1.0	2
12	57	1	100.0	2.0	2
12	58	1	100.0	1.0	2
12	59	1			2
12	6	1	100.0	1.0	1
12	60	1	20.0	1.0	2
12	61	0			2
12	7	0			1
12	8	1	100.0	1.0	1
12	9	1			1
13	1	1	100.0	1.0	1
13	10	1			1
13	11	0	20.0	1.0	1
13	12	1	100.0	1.0	1
13	13	1	100.0	1.0	1
13	14	1			1
13	15	1			1
13	16	0	100.0	1.0	1
13	17	1	100.0	2.0	2
13	18	1	80.0	1.0	2
13	19	0	100.0	1.0	2
13	2	1	100.0	1.0	1
13	20	0	40.0	1.0	2
13	21	0	40.0	1.0	2
13	22	1	100.0	1.0	2
13	23	0			2
13	24	0	60.0	1.0	2
13	25	0	60.0	2.0	2
13	26	0	80.0	1.0	2
13	27	1	60.0	1.0	2
13	28	0	40.0	1.0	2
13	29	1	100.0	1.0	2
13	3	1	100.0	1.0	1
13	30	1	80.0	1.0	2
13	31	1	80.0	2.0	2
13	32	0	100.0	1.0	2
13	32,5	0	100.0	1.0	2
13	33	1	100.0	2.0	2
13	34	0	100.0	1.0	2
13	35	1	100.0	1.0	2
13	36	1	100.0	2.0	2
13	37	1			2
13	38	1			2
13	39	0	20.0	1.0	2
13	4	1	100.0	1.0	1
13	40	1	100.0	1.0	2
13	40,5	1	100.0	1.0	2
13	41	1	100.0	1.0	2
13	42	1	100.0	1.0	2
13	43	1	100.0	1.0	2
13	44	1			2
13	45	1	100.0	2.0	2
13	46	1	100.0	1.0	2
13	47	0			2
13	48	1	80.0	1.0	2
13	49	1			2
13	5	1			1
13	50	1	100.0	2.0	2
13	51	1	100.0	2.0	2
13	52	1	60.0	1.0	2
13	53	0	80.0	1.0	2
13	54	1	100.0	1.0	2
13	55	1			2
13	56	1			2
13	57	1			2
13	58	1	80.0	1.0	2
13	59	1	60.0	1.0	2
13	6	1			1
13	60	0	100.0	1.0	2
13	61	0	100.0	2.0	2
13	62	1			2
13	63	1			2
13	64	1	100.0	1.0	2
13	65	1			2
13	66	1	100.0	1.0	2
13	67	1	100.0	1.0	2
13	68	1	100.0	1.0	2
13	69	1	100.0	2.0	2
13	7	1	100.0	1.0	1
13	70	1			2
13	71	1	100.0	1.0	2
13	72	1			2
13	73	1			2
13	74	1			2
13	75	0	100.0	1.0	2
13	76	0	80.0	1.0	2
13	77	0	60.0	1.0	2
13	78	1			2
13	79	0	80.0	1.0	2
13	8	1	100.0	1.0	1
13	80	1			2
13	9	1	100.0	1.0	1
14	1	1	100.0	1.0	1
14	10	1			2
14	11	0	80.0	1.0	2
14	12	1	80.0	1.0	2
14	13	0			2
14	14	1	20.0	1.0	2
14	15	1	0.0	1.0	2
14	16	1			2
14	17	1	100.0	1.0	2
14	18	1			2
14	19	0			2
14	2	1			1
14	20	1			2
14	21	1	60.0	1.0	2
14	22	1	80.0	1.0	2
14	23	1			2
14	24	0	60.0	1.0	2
14	25	1	80.0	2.0	2
14	26	1			2
14	27	0			2
14	28	1	80.0	1.0	2
14	29	0	80.0	1.0	2
14	3	0	60.0	1.0	1
14	30	1			2
14	31	1	80.0	1.0	2
14	32	1	60.0	1.0	2
14	34	0	60.0	1.0	2
14	35	0	0.0	1.0	2
14	36	1	60.0	1.0	2
14	37	0	60.0	1.0	2
14	38	0	60.0	1.0	2
14	39	1	100.0	1.0	2
14	4	1			1
14	40	1			2
14	41	1	100.0	1.0	2
14	42	1	100.0	1.0	2
14	43	1	100.0	1.0	2
14	44	1			2
14	45	1	100.0	1.0	2
14	46	1			2
14	47	1	100.0	2.0	2
14	48	1	100.0	1.0	2
14	49	1			2
14	5	1	100.0	2.0	2
14	50	1	100.0	1.0	2
14	51	1			2
14	52	1			2
14	53	1	100.0	1.0	2
14	54	1	100.0	2.0	2
14	55	1	100.0	2.0	2
14	56	1	100.0	2.0	2
14	57	1	60.0	1.0	2
14	58	1	60.0	1.0	2
14	59	0	80.0	1.0	2
14	6	1	80.0	1.0	2
14	60	0			2
14	61	1			2
14	62	1	100.0	1.0	3
14	63	1	100.0	1.0	3
14	64	1			3
14	65	1	40.0	1.0	3
14	66	1	100.0	2.0	2
14	67	1			2
14	68	1	40.0	1.0	2
14	69	1			2
14	7	1	100.0	1.0	2
14	70	1			2
14	71	1	20.0	1.0	2
14	72	0			2
14	73	0			2
14	8	1	100.0	1.0	2
14	9	1	80.0	1.0	2
15	1	1	100.0	1.0	1
15	11	1			1
15	12	1	100.0	1.0	1
15	13	1	100.0	2.0	1
15	14	1			2
15	15	1	100.0	2.0	2
15	16	1	80.0	1.0	2
15	17	0	80.0	1.0	2
15	18	1	100.0	1.0	2
15	19	1	80.0	1.0	2
15	2	1	100.0	1.0	1
15	20	1	80.0	1.0	2
15	21	1	100.0	1.0	2
15	22	1	100.0	1.0	2
15	23	1	100.0	1.0	2
15	24	1			2
15	25	1	80.0	1.0	2
15	26	1	100.0	1.0	2
15	28	1	100.0	1.0	2
15	29	1	60.0	1.0	2
15	3	1	100.0	1.0	1
15	30	1	100.0	1.0	2
15	31	1	100.0	2.0	2
15	32	1	100.0	1.0	2
15	33	0	100.0	1.0	2
15	34	1	100.0	2.0	2
15	35	1	100.0	2.0	2
15	36	1	100.0	1.0	2
15	37	1	100.0	1.0	2
15	38	1			2
15	39	1	40.0	1.0	2
15	4	1	100.0	1.0	1
15	40	0	100.0	2.0	2
15	41	1	40.0	1.0	2
15	42	1	80.0	1.0	2
15	43	1	100.0	1.0	2
15	44	1	80.0	1.0	2
15	45	1	100.0	1.0	2
15	46	1	40.0	1.0	2
15	47	1	100.0	1.0	2
15	48	0	20.0	1.0	2
15	49	0	40.0	1.0	2
15	5	1	100.0	1.0	1
15	50	1	100.0	2.0	2
15	51	1	60.0	1.0	2
15	52	0	40.0	1.0	2
15	53	0	80.0	1.0	2
15	54	1			2
15	6	1	100.0	1.0	1
15	7	1	100.0	1.0	1
15	8	1	100.0	1.0	1
15	9	1	100.0	2.0	1
16	1	1	100.0	1.0	1
16	10	1	100.0	2.0	2
16	11	1	100.0	2.0	2
16	12	1	100.0	1.0	2
16	13	1	100.0	1.0	2
16	14	1	60.0	1.0	2
16	15	0	60.0	1.0	2
16	16	1	80.0	1.0	2
16	17	1	40.0	1.0	2
16	18	1	40.0	1.0	2
16	19	1	100.0	1.0	2
16	2	1			1
16	20	1	100.0	2.0	2
16	21	1	40.0	1.0	2
16	22	1	80.0	1.0	2
16	23	1	80.0	1.0	2
16	24	0			2
16	25	1	60.0	1.0	2
16	26	1	40.0	1.0	2
16	27	0	80.0	1.0	2
16	28	0	100.0	2.0	2
16	29	1	100.0	2.0	2
16	3	0	100.0	1.0	1
16	30	1	100.0	2.0	2
16	31	1	100.0	2.0	2
16	32	1	80.0	1.0	2
16	33	0	80.0	1.0	2
16	34	1	40.0	1.0	2
16	35	1	80.0	1.0	2
16	36	1	60.0	1.0	2
16	37	0	80.0	1.0	2
16	38	0	60.0	1.0	2
16	39	1	80.0	1.0	2
16	4	1	100.0	1.0	1
16	40	1			2
16	41	0			2
16	42	1			2
16	43	1	100.0	1.0	2
16	44	1	100.0	1.0	2
16	45	1	60.0	1.0	2
16	46	0	100.0	1.0	2
16	47	1	40.0	1.0	2
16	48	1			2
16	49	1	80.0	1.0	2
16	5	1	100.0	1.0	1
16	50	1			2
16	51	0	60.0	1.0	2
16	6	0	100.0	1.0	1
16	7	1	100.0	1.0	1
16	8	0			1
16	9	1	100.0	1.0	1
17	1	1	100.0	1.0	1
17	10	1	100.0	1.0	2
17	11	1	60.0	1.0	2
17	12	0	40.0	1.0	2
17	13	1	100.0	2.0	2
17	14	1	80.0	1.0	2
17	15	1	40.0	1.0	2
17	16	1	80.0	1.0	2
17	17	1	80.0	1.0	2
17	18	1	60.0	1.0	2
17	19	0	60.0	1.0	2
17	2	1	100.0	1.0	1
17	20	1	100.0	1.0	2
17	21	1	100.0	1.0	2
17	22	1	100.0	2.0	2
17	23	1	60.0	1.0	2
17	24	1	40.0	1.0	2
17	25	1	100.0	1.0	2
17	26	1	100.0	1.0	2
17	27	1	100.0	1.0	2
17	28	1	100.0	1.0	2
17	29	1	100.0	2.0	2
17	3	1			1
17	30	0	100.0	1.0	2
17	31	0	100.0	1.0	2
17	32	0	60.0	1.0	2
17	33	1	80.0	1.0	2
17	34	1	80.0	1.0	2
17	35	1	60.0	1.0	2
17	36	0	80.0	1.0	2
17	37	1	60.0	1.0	2
17	38	0	80.0	1.0	2
17	39	1			2
17	4	1	100.0	1.0	1
17	40	1	60.0	1.0	2
17	41	0	100.0	2.0	2
17	42	0	100.0	2.0	2
17	43	1	100.0	1.0	2
17	44	1	100.0	1.0	2
17	45	1	100.0	1.0	2
17	46	0	100.0	1.0	2
17	47	1	100.0	1.0	2
17	48	1	100.0	1.0	2
17	49	1			2
17	5	1	100.0	2.0	2
17	50	1	100.0	1.0	2
17	51	1	100.0	1.0	2
17	52	0	80.0	1.0	2
17	53	1	20.0	1.0	2
17	54	0	60.0	1.0	2
17	55	0	0.0	1.0	2
17	56	0	20.0	1.0	2
17	6	1			2
17	7	1	60.0	1.0	2
17	7,5	1	80.0	1.0	2
17	8	1	100.0	1.0	2
17	9	1	100.0	1.0	2
18	1	1	100.0	1.0	1
18	10	1			2
18	10,5	1	100.0	1.0	2
18	11	1	80.0	1.0	2
18	11,5	1	100.0	2.0	2
18	12	1	100.0	1.0	2
18	12,5	1	100.0	2.0	2
18	12,5	1	100.0	1.0	2
18	13	1	100.0	1.0	2
18	13,5	1			2
18	14	1	100.0	2.0	2
18	14,5	0	60.0	1.0	2
18	15	1	100.0	1.0	2
18	15,5	1	100.0	1.0	2
18	16	0	60.0	1.0	2
18	16,5	1	40.0	1.0	2
18	17	1	100.0	1.0	2
18	17,5	0	100.0	1.0	2
18	18	1	80.0	1.0	2
18	18,5	1	100.0	1.0	2
18	19	1	100.0	1.0	2
18	19,5	1	100.0	2.0	2
18	2	1	100.0	1.0	1
18	20	1	100.0	1.0	2
18	21	1			2
18	22	1			2
18	23	1	100.0	1.0	2
18	24	1	100.0	1.0	2
18	25	1	100.0	1.0	2
18	26	1	60.0	1.0	2
18	27	0	60.0	1.0	2
18	29	1			2
18	3	1			1
18	30	1			2
18	31	1	100.0	2.0	2
18	32	1	100.0	1.0	2
18	33	1			2
18	34	1	100.0	1.0	2
18	35	1	20.0	1.0	2
18	36	0	100.0	1.0	2
18	37	1	100.0	1.0	2
18	38	0	40.0	1.0	2
18	39	1			2
18	4	1	100.0	1.0	1
18	40	1	100.0	1.0	2
18	41	1	60.0	1.0	2
18	42	0	20.0	1.0	2
18	43	1			2
18	44	1	100.0	1.0	2
18	45	1	60.0	1.0	2
18	5	1	100.0	1.0	1
18	6	1	100.0	1.0	1
18	7	1			1
18	8	1			2
18	9	1	100.0	2.0	2
19	1	1	100.0	1.0	1
19	10	1	100.0	1.0	1
19	11	1			1
19	12	1	100.0	1.0	1
19	13	1			1
19	14	1			1
19	15	1	100.0	1.0	1
19	16	1	100.0	1.0	1
19	17	0	100.0	1.0	1
19	18	1			1
19	19	1	40.0	1.0	1
19	2	1	100.0	1.0	1
19	20	1	100.0	2.0	2
19	21	1			2
19	22	1	100.0	2.0	2
19	23	1	60.0	1.0	2
19	24	1	100.0	2.0	2
19	25	1			2
19	26	1	100.0	1.0	2
19	27	1			2
19	28	0	60.0	1.0	2
19	29	0	40.0	1.0	2
19	3	1			1
19	30	1	40.0	1.0	2
19	31	0	40.0	1.0	2
19	32	0			2
19	33	1	60.0	1.0	2
19	34	1	60.0	1.0	2
19	35	1	100.0	1.0	2
19	36	1	100.0	1.0	2
19	37	0	40.0	1.0	2
19	38	1	60.0	1.0	2
19	39	1	60.0	1.0	2
19	4	1			1
19	40	1			2
19	41	0	40.0	1.0	2
19	42	1			2
19	43	0	40.0	1.0	2
19	44	0	60.0	1.0	2
19	45	0	60.0	1.0	2
19	46	1	100.0	2.0	2
19	47	1	100.0	2.0	2
19	48	1	100.0	1.0	2
19	49	1			2
19	5	1			1
19	50	1			2
19	51	1	100.0	2.0	2
19	52	1			2
19	53	1	100.0	1.0	2
19	54	0	60.0	1.0	2
19	55	0	60.0	2.0	2
19	56	1	60.0	1.0	2
19	57	1			2
19	58	1	100.0	2.0	2
19	59	1			2
19	6	1	100.0	1.0	1
19	60	1			2
19	61	1	60.0	1.0	2
19	62	1	60.0	1.0	2
19	63	1	40.0	1.0	2
19	64	1			2
19	65	0	60.0	1.0	2
19	66	0	60.0	1.0	2
19	67	1	60.0	1.0	2
19	68	1	60.0	2.0	2
19	69	0	40.0	1.0	2
19	7	1	100.0	1.0	1
19	70	1			2
19	71	1	100.0	1.0	2
19	72	1			2
19	73	1	100.0	1.0	2
19	75	1	100.0	1.0	2
19	76	1			2
19	77	1			2
19	78	1	100.0	2.0	2
19	79	1			2
19	8	1			1
19	80	1	60.0	1.0	2
19	81	1			2
19	82	0	100.0	2.0	2
19	83	1			2
19	84	1			2
19	85	1	60.0	1.0	2
19	86	1			2
19	87	1	60.0	2.0	2
19	88	0	40.0	1.0	2
19	89	0	60.0	1.0	2
19	9	1			1
19	90	1	100.0	2.0	2
19	91	1			2
19	92	1	100.0	2.0	2
19	93	1	100.0	1.0	3
19	94	1			3
2	1	0			1
2	11	1	80.0	1.0	2
2	12	0	100.0	1.0	2
2	13	0			2
2	14	0	100.0	1.0	2
2	15	1	80.0	1.0	2
2	16	1			2
2	17	0	60.0	1.0	2
2	18	1			2
2	19	1	80.0	1.0	2
2	2	1	100.0	1.0	1
2	20	1	100.0	1.0	2
2	21	1	100.0	1.0	2
2	22	1	100.0	1.0	2
2	23	0	80.0	1.0	2
2	24	0	80.0	2.0	2
2	25	1	100.0	1.0	2
2	26	1	100.0	1.0	2
2	27	0			2
2	28	1			2
2	29	1			2
2	3	1	100.0	1.0	1
2	30	1	80.0	1.0	2
2	31	1			2
2	32	1	100.0	1.0	2
2	33	1	100.0	2.0	2
2	34	1			2
2	35	1	100.0	1.0	2
2	36	1	100.0	1.0	2
2	37	1	100.0	1.0	2
2	38	1	100.0	1.0	2
2	39	0	100.0	1.0	2
2	4	1			1
2	40	1	100.0	1.0	2
2	41	0	80.0	1.0	2
2	42	1	80.0	1.0	2
2	43	1	80.0	1.0	2
2	44	1			2
2	45	0	20.0	1.0	2
2	46	1	80.0	1.0	2
2	47	1	100.0	2.0	2
2	48	1	100.0	1.0	2
2	49	1	100.0	1.0	2
2	5	1	100.0	1.0	1
2	50	1			2
2	51	1	100.0	1.0	2
2	52	1	100.0	2.0	2
2	53	1	100.0	2.0	2
2	54	1	100.0	1.0	2
2	55	1			2
2	56	1	100.0	1.0	2
2	57	1	100.0	1.0	2
2	58	1			2
2	59	1			2
2	6	1	100.0	1.0	1
2	61	1	100.0	2.0	2
2	62	1	100.0	2.0	2
2	63	1			2
2	64	1	60.0	1.0	2
2	65	1			2
2	66	1			2
2	67	1	100.0	1.0	2
2	68	1			2
2	69	1			2
2	7	1	100.0	1.0	1
2	70	1	80.0	1.0	2
2	71	0			2
2	72	1	100.0	1.0	2
2	73	1	100.0	2.0	2
2	74	1	100.0	2.0	2
2	75	0			2
2	76	1	100.0	1.0	2
2	77	1			2
2	78	0			2
2	8	1			1
2	80	0	80.0	1.0	2
2	81	1			2
2	9	1	100.0	1.0	2
20	1	1	100.0	1.0	1
20	10	1			2
20	11	1	100.0	1.0	2
20	12	1	100.0	1.0	2
20	13	1			2
20	14	0	100.0	1.0	2
20	15	1	100.0	1.0	2
20	16	1	100.0	2.0	2
20	17	0	60.0	1.0	2
20	18	1	80.0	1.0	2
20	19	1	80.0	1.0	2
20	2	0	100.0	1.0	1
20	20	1	80.0	1.0	2
20	21	1			2
20	22	1	100.0	1.0	2
20	23	1	100.0	1.0	2
20	24	1			2
20	25	1	100.0	1.0	2
20	26	1	100.0	1.0	2
20	27	1	100.0	1.0	2
20	28	0	60.0	1.0	2
20	29	1			2
20	3	0			2
20	30	1	100.0	1.0	2
20	31	1	100.0	1.0	2
20	32	0	100.0	1.0	2
20	33	1			2
20	34	0	60.0	1.0	2
20	35	1	100.0	1.0	2
20	36	1			2
20	37	1	100.0	1.0	2
20	38	1			2
20	39	1	100.0	1.0	2
20	4	1	100.0	1.0	2
20	40	1	100.0	1.0	2
20	41	0	100.0	1.0	2
20	42	1			2
20	43	1	100.0	1.0	2
20	44	1			2
20	45	0			2
20	46	1	100.0	1.0	2
20	47	0	100.0	1.0	2
20	48	1			2
20	49	1	100.0	1.0	2
20	5	0	100.0	1.0	2
20	50	1	100.0	2.0	2
20	51	1	100.0	2.0	2
20	52	0	40.0	1.0	2
20	53	1	100.0	1.0	3
20	54	1	100.0	2.0	3
20	55	1	100.0	2.0	3
20	56	1			3
20	6	1			2
20	7	1	100.0	1.0	2
20	8	1	100.0	2.0	2
20	9	1	80.0	1.0	2
21	10	1	100.0	2.0	2
21	11	1			2
21	12	1	100.0	1.0	2
21	13	1	100.0	2.0	2
21	14	1	100.0	1.0	2
21	15	1	100.0	2.0	2
21	16	1	100.0	1.0	2
21	17	0	20.0	1.0	2
21	18	1	100.0	2.0	2
21	18,5	1	100.0	2.0	2
21	19	1	100.0	2.0	2
21	2	1	100.0	1.0	1
21	20	1	20.0	1.0	2
21	20	1	20.0	1.0	2
21	21	1			2
21	22	1	100.0	1.0	2
21	23	0	80.0	1.0	2
21	24	1	60.0	1.0	2
21	25	1			2
21	26	1	100.0	2.0	2
21	27	1			2
21	28	0	40.0	1.0	2
21	29	0	40.0	2.0	2
21	3	1	100.0	1.0	1
21	30	1	60.0	1.0	2
21	31	1	100.0	2.0	2
21	32	1	60.0	1.0	2
21	33	1	80.0	1.0	2
21	34	1	80.0	1.0	2
21	35	0	20.0	2.0	2
21	36	0			2
21	37	0			2
21	38	1			2
21	39	0	100.0	1.0	2
21	4	1	100.0	1.0	1
21	40	1			2
21	41	0	100.0	2.0	2
21	42	1	80.0	1.0	2
21	44	1			2
21	46	1	80.0	1.0	2
21	47	1			2
21	48	0			2
21	49	1	80.0	2.0	2
21	5	1	100.0	1.0	1
21	50	1			2
21	51	1	100.0	2.0	2
21	52	1	100.0	1.0	2
21	53	1			2
21	54	0			2
21	55	1	100.0	1.0	2
21	56	1	80.0	1.0	2
21	57	1			2
21	58	1	80.0	1.0	2
21	59	1	60.0	1.0	2
21	6	0	100.0	1.0	1
21	60	1	60.0	2.0	2
21	61	0			2
21	62	1	80.0	1.0	2
21	63	1	80.0	1.0	2
21	64	0	80.0	1.0	2
21	65	1			2
21	66	1			2
21	67	0	100.0	2.0	2
21	68	1	100.0	2.0	2
21	69	1	100.0	1.0	2
21	7	1	100.0	1.0	1
21	70	0	60.0	1.0	2
21	71	1	80.0	1.0	2
21	72	1	100.0	2.0	2
21	73	1	80.0	1.0	2
21	74	1			2
21	75	0	80.0	1.0	2
21	76	1	60.0	1.0	2
21	77	1	60.0	2.0	2
21	78	1	100.0	2.0	2
21	8	0	80.0	1.0	1
21	9	1	100.0	1.0	1
23	1	1	100.0	1.0	1
23	10	1	80.0	1.0	2
23	11	1	60.0	1.0	2
23	12	0	80.0	1.0	2
23	13	1	80.0	1.0	2
23	14	1	80.0	1.0	2
23	15	1	60.0	1.0	2
23	16	1	80.0	1.0	2
23	17	0	80.0	1.0	2
23	18	1	60.0	2.0	2
23	19	1	100.0	1.0	2
23	2	1	100.0	1.0	1
23	20	1	100.0	1.0	2
23	21	1	100.0	2.0	2
23	22	1	80.0	2.0	2
23	23	1	100.0	2.0	2
23	25	1			2
23	26	0	80.0	1.0	2
23	27	0	80.0	1.0	2
23	28	1			2
23	29	0	100.0	1.0	2
23	3	1	100.0	1.0	1
23	30	1	80.0	1.0	2
23	31	1	100.0	1.0	2
23	32	0	100.0	2.0	2
23	33	0	100.0	1.0	2
23	34	1	100.0	1.0	2
23	35	1	100.0	2.0	2
23	36	1	100.0	1.0	2
23	37	0	80.0	1.0	2
23	38	1	100.0	1.0	2
23	39	1	100.0	2.0	2
23	4	1	100.0	1.0	1
23	40	1			2
23	41	1			2
23	42	0	60.0	1.0	2
23	43	0			2
23	44	1			2
23	45	1			2
23	46	0	80.0	1.0	2
23	47	0	80.0	1.0	2
23	48	0	80.0	1.0	2
23	49	0	80.0	2.0	2
23	5	1	100.0	1.0	1
23	50	1	100.0	1.0	2
23	51	0			2
23	52	0			2
23	53	1	100.0	1.0	2
23	54	1			2
23	55	1			2
23	56	0			2
23	57	1	100.0	1.0	2
23	58	1			2
23	59	1	100.0	1.0	2
23	6	0	100.0	1.0	1
23	60	1	100.0	1.0	2
23	61	1			2
23	62	1	80.0	1.0	2
23	63	0	60.0	1.0	2
23	64	0			2
23	65	1	100.0	1.0	2
23	66	1			2
23	68	1			2
23	69	0	60.0	1.0	2
23	7	1	100.0	1.0	1
23	70	0	60.0	1.0	2
23	71	0	60.0	1.0	2
23	72	1			2
23	73	1	80.0	1.0	2
23	74	1	80.0	1.0	2
23	75	0	60.0	1.0	2
23	9	1			2
24	1	1	100.0	1.0	1
24	10	1	100.0	1.0	1
24	11	1	100.0	1.0	1
24	12	1			1
24	13	1	100.0	2.0	2
24	14	1			2
24	15	1	100.0	1.0	2
24	16	0	80.0	1.0	2
24	17	1	100.0	1.0	2
24	18	1	100.0	1.0	2
24	19	1	80.0	1.0	2
24	2	1			1
24	20	0	100.0	1.0	2
24	21	1	100.0	2.0	2
24	22	1	100.0	1.0	2
24	23	1	100.0	1.0	2
24	24	0	100.0	1.0	2
24	25	0	80.0	1.0	2
24	26	0	80.0	2.0	2
24	27	1	100.0	1.0	2
24	28	0	80.0	1.0	2
24	29	1			2
24	3	1	100.0	1.0	1
24	30	0	100.0	1.0	2
24	32	1	100.0	1.0	2
24	33	0	80.0	1.0	2
24	34	1	80.0	1.0	2
24	35	0			2
24	36	0	100.0	1.0	2
24	37	1			2
24	38	1	100.0	2.0	2
24	39	1	100.0	2.0	2
24	4	1	100.0	1.0	1
24	40	1	100.0	2.0	2
24	42	0	80.0	1.0	2
24	43	0			2
24	44	1	100.0	1.0	2
24	45	0	100.0	1.0	2
24	46	0	100.0	1.0	2
24	47	0	100.0	1.0	2
24	48	0	100.0	1.0	2
24	49	1			2
24	5	1	100.0	1.0	1
24	50	1	100.0	1.0	2
24	51	1	100.0	1.0	2
24	52	1	100.0	1.0	2
24	53	1	100.0	1.0	2
24	54	1	100.0	2.0	2
24	55	1	100.0	1.0	2
24	56	1			2
24	57	1	100.0	1.0	2
24	58	0	100.0	1.0	2
24	59	1	100.0	2.0	2
24	6	1			1
24	60	1			2
24	61	1			2
24	62	0			2
24	63	0	80.0	1.0	2
24	64	0	80.0	2.0	2
24	64,5	0	80.0	2.0	2
24	65	1			2
24	66	1			2
24	67	0	100.0	1.0	2
24	68	1	100.0	1.0	2
24	69	1	100.0	1.0	2
24	7	1			1
24	8	1			1
24	9	1	100.0	1.0	1
26	10	1			2
26	11	1	100.0	1.0	2
26	12	1	100.0	1.0	2
26	13	1	100.0	1.0	2
26	14	1			2
26	15	1	80.0	1.0	2
26	16	1	80.0	1.0	2
26	17	1	60.0	1.0	2
26	18	1	80.0	1.0	2
26	19	1	100.0	1.0	2
26	20	1	100.0	2.0	2
26	21	1	100.0	1.0	2
26	22	0	80.0	1.0	2
26	23	0	100.0	1.0	2
26	24	1			2
26	25	0	60.0	1.0	2
26	26	0	100.0	1.0	2
26	31	1	100.0	1.0	2
26	32	1	100.0	2.0	2
26	33	1	100.0	1.0	2
26	34	1	100.0	1.0	2
26	35	1	100.0	1.0	2
26	36	1	100.0	2.0	2
26	37	1	100.0	2.0	2
26	38	1	60.0	1.0	2
26	39	0			2
26	40	1	80.0	1.0	2
26	42	0	60.0	1.0	2
26	43	1	100.0	2.0	2
26	45	1			2
26	46	1			2
26	47	1	100.0	1.0	2
26	54	0			2
26	59	1	100.0	1.0	2
26	60	1	100.0	1.0	2
26	61	1	100.0	1.0	2
26	7	1	100.0	1.0	1
26	9	1	100.0	1.0	1
27	10	0	100.0	1.0	2
27	11	1	80.0	1.0	2
27	12	1	80.0	1.0	2
27	13	1	100.0	1.0	2
27	14	1	100.0	1.0	2
27	15	1	100.0	2.0	2
27	16	1	40.0	1.0	2
27	17	1	60.0	1.0	2
27	18	1	80.0	1.0	2
27	19	1	40.0	1.0	2
27	2	1	100.0	1.0	1
27	20	1	60.0	1.0	2
27	21	1	60.0	2.0	2
27	22	1	80.0	1.0	2
27	23	1	60.0	1.0	2
27	24	0	80.0	1.0	2
27	25	1	60.0	1.0	2
27	27	0			2
27	29	0	80.0	1.0	2
27	3	1			1
27	30	1	60.0	1.0	2
27	32	1	80.0	1.0	2
27	34	1			2
27	36	0	100.0	1.0	2
27	37	1	100.0	1.0	2
27	38	1	100.0	1.0	2
27	39	1	100.0	1.0	2
27	4	0	100.0	1.0	1
27	40	0	80.0	1.0	2
27	41	1	100.0	1.0	2
27	42	0	100.0	1.0	2
27	43	1			2
27	44	0	40.0	1.0	2
27	45	1			2
27	46	1	100.0	1.0	2
27	47	1	80.0	1.0	2
27	5	0	100.0	1.0	1
27	6	0			1
27	7	1			2
27	9	0	80.0	1.0	2
28	1	1	100.0	1.0	1
28	10	1	100.0	1.0	1
28	11	1	100.0	1.0	1
28	12	1	100.0	1.0	1
28	13	1	80.0	1.0	1
28	14	0	100.0	1.0	1
28	15	1	80.0	1.0	1
28	16	1	80.0	1.0	1
28	17	1	80.0	2.0	1
28	18	1	100.0	2.0	2
28	19	1			2
28	2	1	100.0	1.0	1
28	20	1	80.0	1.0	2
28	21	1	100.0	1.0	2
28	22	1	100.0	2.0	2
28	23	1	100.0	2.0	2
28	24	1	100.0	2.0	2
28	25	1	100.0	1.0	2
28	26	1	80.0	1.0	2
28	27	1	80.0	1.0	2
28	28	1	100.0	1.0	2
28	29	1	100.0	1.0	2
28	3	1			1
28	30	1	100.0	1.0	2
28	31	1	80.0	1.0	2
28	32	1	80.0	1.0	2
28	33	1	80.0	1.0	2
28	34	0	60.0	1.0	2
28	35	0	20.0	1.0	2
28	36	1	100.0	1.0	2
28	38	1	100.0	1.0	2
28	39	1	80.0	1.0	2
28	4	1			1
28	40	1			2
28	41	1	100.0	1.0	2
28	42	0	80.0	1.0	2
28	43	1			2
28	44	1			2
28	45	1	20.0	1.0	2
28	46	1	100.0	2.0	2
28	48	1			2
28	49	1	100.0	2.0	2
28	5	1	80.0	1.0	1
28	50	1	100.0	1.0	2
28	51	1	100.0	2.0	2
28	52	1			2
28	53	1			2
28	54	1	100.0	2.0	2
28	55	0	40.0	1.0	2
28	56	0			2
28	57	1	100.0	2.0	2
28	58	1	100.0	1.0	2
28	59	1	100.0	2.0	2
28	6	0	20.0	1.0	1
28	60	0	100.0	2.0	2
28	61	1	100.0	2.0	2
28	62	1	80.0	2.0	2
28	63	1			2
28	64	1	100.0	1.0	2
28	65	1			2
28	66	1			2
28	67	1			2
28	68	1	80.0	1.0	2
28	69	1	80.0	2.0	2
28	7	1	100.0	1.0	1
28	71	1	80.0	1.0	2
28	72	1			2
28	73	1	100.0	1.0	2
28	74	1			2
28	75	1			2
28	76	1	100.0	1.0	2
28	77	1			2
28	78	1	100.0	1.0	2
28	79	0	60.0	1.0	2
28	8	1	100.0	1.0	1
28	80	1			2
28	81	1			2
28	82	1	100.0	1.0	2
28	82,5	1	100.0	1.0	2
28	83	1	80.0	1.0	2
28	84	1			2
28	85	1	80.0	2.0	2
28	9	1	100.0	1.0	1
29	1	1	100.0	1.0	1
29	10	1	100.0	1.0	1
29	11	1	100.0	1.0	1
29	12	1	100.0	1.0	1
29	13	1	100.0	1.0	1
29	14	0	100.0	1.0	1
29	15	1	100.0	2.0	2
29	16	1	80.0	1.0	2
29	17	1	100.0	1.0	2
29	18	1	100.0	1.0	2
29	19	1	100.0	1.0	2
29	2	0	100.0	1.0	1
29	21	1	100.0	1.0	2
29	22	1	100.0	1.0	2
29	23	1	100.0	2.0	2
29	24	1	100.0	1.0	2
29	25	1	100.0	2.0	2
29	26	1	100.0	1.0	2
29	27	1	100.0	2.0	2
29	28	1	100.0	2.0	2
29	3	1	100.0	1.0	1
29	30	1			2
29	31	0	100.0	1.0	2
29	32	0	80.0	1.0	2
29	33	0	100.0	1.0	2
29	34	1	80.0	1.0	2
29	35	1	100.0	1.0	2
29	36	1	100.0	2.0	2
29	37	1	100.0	2.0	2
29	38	0	60.0	1.0	2
29	39	1	100.0	1.0	2
29	4	1	100.0	1.0	1
29	40	1	100.0	1.0	2
29	41	0	100.0	1.0	2
29	43	0	100.0	2.0	2
29	44	0	100.0	1.0	2
29	45	1	100.0	2.0	2
29	48	1			2
29	49	1	100.0	2.0	2
29	5	1	100.0	1.0	1
29	50	1	100.0	1.0	2
29	51	1			2
29	52	1			2
29	53	1	80.0	2.0	2
29	54	1			2
29	55	1	100.0	1.0	2
29	56	1			2
29	58	1			2
29	59	1	80.0	2.0	2
29	6	1	100.0	1.0	1
29	60	1	60.0	1.0	2
29	61	0	80.0	1.0	2
29	62	1			2
29	63	1			2
29	64	0	80.0	1.0	2
29	65	1	100.0	2.0	2
29	66	1	100.0	1.0	2
29	67	1	100.0	2.0	2
29	7	1	100.0	1.0	1
29	8	1	100.0	1.0	1
29	9	1			1
3	1	1	100.0	1.0	1
3	10	1	60.0	1.0	2
3	11	1	80.0	1.0	2
3	12	1	80.0	1.0	2
3	13	1			2
3	14	1	80.0	1.0	2
3	15	0	80.0	1.0	2
3	16	1			2
3	17	0	80.0	2.0	2
3	18	1	80.0	1.0	2
3	19	1	60.0	1.0	2
3	2	1	100.0	1.0	1
3	20	1	80.0	2.0	2
3	21	1	80.0	1.0	2
3	22	1			2
3	23	0	80.0	1.0	2
3	24	1	100.0	2.0	2
3	25	0	60.0	1.0	2
3	26	0	40.0	1.0	2
3	27	1	80.0	1.0	2
3	28	1	80.0	2.0	2
3	29	1	80.0	1.0	2
3	3	1	100.0	1.0	1
3	30	1	60.0	1.0	2
3	31	0	80.0	1.0	2
3	32	1	80.0	1.0	2
3	33	1			2
3	34	1	60.0	1.0	2
3	35	1	80.0	2.0	2
3	36	1	80.0	1.0	2
3	37	0			2
3	38	1	80.0	2.0	2
3	39	0	80.0	1.0	2
3	4	1	100.0	1.0	1
3	40	0	60.0	1.0	2
3	41	0	80.0	1.0	2
3	42	0	60.0	1.0	2
3	43	1	40.0	1.0	2
3	44	1	40.0	2.0	2
3	45	1	60.0	1.0	2
3	46	1	60.0	1.0	2
3	47	1	80.0	1.0	2
3	48	1			2
3	5	1	100.0	1.0	1
3	50	1	100.0	2.0	2
3	51	1	100.0	2.0	2
3	52	1	80.0	1.0	2
3	53	1			2
3	54	0	100.0	1.0	2
3	55	1	80.0	1.0	2
3	56	0	80.0	1.0	2
3	57	1			2
3	58	1			2
3	6	1	80.0	1.0	1
3	7	1	100.0	1.0	1
3	8	1	80.0	1.0	1
3	9	0	80.0	1.0	2
30	1	1	100.0	1.0	1
30	10	1			1
30	11	1	100.0	1.0	1
30	12	1	100.0	1.0	1
30	13	1			1
30	14	1			1
30	15	0			1
30	16	0	100.0	1.0	1
30	17	1	100.0	1.0	1
30	18	1			1
30	19	1	100.0	1.0	1
30	2	1	100.0	1.0	1
30	20	1	100.0	2.0	2
30	21	1	100.0	1.0	2
30	22	1	100.0	2.0	2
30	24	1			2
30	27	1	80.0	1.0	2
30	28	1			2
30	29	1	100.0	1.0	2
30	3	1			1
30	31	1	80.0	1.0	2
30	32	1	100.0	1.0	2
30	33	1	100.0	2.0	2
30	34	0			2
30	35	1			2
30	36	1	100.0	1.0	2
30	37	1			2
30	4	1	100.0	1.0	1
30	42	1	100.0	1.0	2
30	44	1	100.0	1.0	2
30	45	1	100.0	1.0	2
30	46	0			2
30	47	1			2
30	49	0	100.0	1.0	2
30	5	1	100.0	1.0	1
30	50	1	100.0	1.0	2
30	51	1			2
30	54	1			2
30	56	1	100.0	2.0	2
30	58	0			2
30	6	0	100.0	1.0	1
30	60	1			2
30	61	1	60.0	1.0	2
30	62	1	100.0	1.0	2
30	63	1			2
30	64	0			2
30	65	0	60.0	1.0	2
30	66	0	100.0	1.0	2
30	67	1			2
30	68	0			2
30	69	1	100.0	2.0	2
30	7	0	80.0	1.0	1
30	70	0			2
30	71	0			2
30	72	1			2
30	75	1	100.0	2.0	2
30	76	1			2
30	77	1	100.0	1.0	2
30	78	1			2
30	79	1	20.0	1.0	2
30	8	0			1
30	80	1			2
30	81	1	100.0	1.0	2
30	82	0			2
30	83	1	100.0	1.0	2
30	84	0			2
30	85	0	20.0	1.0	2
30	86	1			2
30	87	0	20.0	2.0	2
30	89	1	100.0	2.0	2
30	9	1			1
30	90	0	100.0	1.0	2
30	91	0	0.0	1.0	2
30	92	0	0.0	1.0	2
30	93	1			2
31	1	1	100.0	1.0	1
31	10	1	100.0	1.0	2
31	11	1	100.0	1.0	2
31	12	1			2
31	13	1	100.0	1.0	2
31	14	1	80.0	1.0	2
31	15	1	100.0	1.0	2
31	16	1	100.0	1.0	2
31	17	1	100.0	2.0	2
31	18	1	100.0	1.0	2
31	19	1	100.0	1.0	2
31	2	1			1
31	20	0	100.0	1.0	2
31	21	0			2
31	22	1	100.0	1.0	2
31	23	0			2
31	25	1	60.0	1.0	2
31	26	1	100.0	1.0	2
31	27	0	60.0	1.0	2
31	28	0	80.0	1.0	2
31	29	1	100.0	1.0	2
31	3	1	100.0	1.0	1
31	30	0	60.0	1.0	2
31	32	1	100.0	1.0	2
31	33	1	100.0	1.0	2
31	34	1	100.0	1.0	2
31	35	0	80.0	1.0	2
31	36	0	60.0	1.0	2
31	37	0			2
31	38	1	100.0	1.0	2
31	39	1			2
31	4	1	80.0	1.0	1
31	40	1			2
31	41	1			2
31	42	0	80.0	1.0	2
31	43	0	80.0	1.0	2
31	44	1	80.0	1.0	2
31	45	0	80.0	1.0	2
31	46	0	80.0	1.0	2
31	47	1			2
31	48	1			2
31	49	1			2
31	5	1			1
31	50	1			2
31	51	1			2
31	52	1			2
31	53	1			2
31	54	1			2
31	55	1			2
31	56	0			2
31	57	1	100.0	1.0	2
31	58	1	100.0	1.0	2
31	59	1	100.0	2.0	2
31	6	1	100.0	2.0	2
31	60	0			2
31	61	1			2
31	62	1	80.0	1.0	2
31	63	0	100.0	1.0	2
31	64	0	60.0	1.0	2
31	65	1			2
31	66	1	100.0	1.0	2
31	67	0	60.0	1.0	2
31	68	1	100.0	1.0	2
31	69	1	80.0	1.0	2
31	7	1			2
31	70	0			2
31	8	1			2
31	9	1	100.0	1.0	2
32	1	1	80.0	1.0	1
32	10	1	100.0	2.0	2
32	11	1			2
32	12	1	100.0	1.0	2
32	13	1	80.0	1.0	2
32	14	0			2
32	15	1			2
32	16	1	40.0	1.0	2
32	17	1	40.0	1.0	2
32	18	1	60.0	1.0	2
32	19	0	40.0	1.0	2
32	2	1	100.0	1.0	1
32	20	1	40.0	1.0	2
32	21	1			2
32	22	1	100.0	1.0	2
32	23	1	80.0	1.0	2
32	24	0	40.0	1.0	2
32	25	0			2
32	26	1			2
32	27	1	80.0	1.0	2
32	28	1			2
32	29	1	100.0	1.0	2
32	3	1			1
32	30	1			2
32	31	1	60.0	1.0	2
32	32	1	60.0	1.0	2
32	33	0			2
32	35	1	80.0	2.0	2
32	36	1			2
32	37	1	60.0	1.0	2
32	38	1			2
32	39	1	100.0	2.0	2
32	4	1	80.0	1.0	1
32	40	1	80.0	1.0	2
32	41	1	60.0	1.0	2
32	42	1	60.0	2.0	2
32	44	1			2
32	45	1	60.0	1.0	2
32	46	1	80.0	1.0	2
32	47	1	80.0	1.0	2
32	48	1	40.0	1.0	2
32	49	1			2
32	5	1	100.0	1.0	1
32	50	1			2
32	51	1	100.0	2.0	2
32	52	1	80.0	2.0	2
32	53	1	80.0	1.0	2
32	54	1	80.0	1.0	2
32	55	1	80.0	1.0	2
32	56	1			2
32	57	1	60.0	1.0	2
32	58	1	60.0	2.0	2
32	59	1	40.0	1.0	2
32	6	1	100.0	1.0	1
32	60	1	100.0	1.0	2
32	61	1	100.0	2.0	2
32	62	1	80.0	1.0	2
32	63	0	20.0	1.0	2
32	64	1			2
32	65	1	80.0	1.0	2
32	66	1			2
32	67	1	100.0	2.0	2
32	68	1	20.0	1.0	3
32	7	1	80.0	1.0	1
32	8	1	100.0	1.0	1
32	9	0	100.0	1.0	1
34	1	1	100.0	1.0	1
34	10	1			1
34	11	0			1
34	12	1	60.0	1.0	1
34	14	1			1
34	15	0	100.0	1.0	1
34	16	1	100.0	1.0	1
34	17	0	80.0	1.0	1
34	2	1	100.0	1.0	1
34	20	1	100.0	2.0	2
34	21	1	80.0	1.0	2
34	22	1	60.0	1.0	2
34	23	1			2
34	24	0	80.0	2.0	2
34	25	1			2
34	26	1	100.0	1.0	2
34	27	0			2
34	28	1			2
34	29	1	80.0	1.0	2
34	3	0	80.0	1.0	1
34	30	1	80.0	1.0	2
34	31	0	80.0	1.0	2
34	32	0	60.0	1.0	2
34	32,5	0	60.0	2.0	2
34	34	1			2
34	35	1	80.0	1.0	2
34	36	1			2
34	37	1			2
34	38	1	80.0	2.0	2
34	4	1	100.0	1.0	1
34	40	0			2
34	42	1			2
34	43	1	60.0	1.0	2
34	44	1	60.0	1.0	2
34	45	1	100.0	2.0	2
34	46	1	60.0	1.0	2
34	47	1	100.0	2.0	2
34	48	1	100.0	1.0	2
34	49	0	80.0	1.0	2
34	5	1	100.0	1.0	1
34	51	0	80.0	1.0	2
34	52	1			2
34	53	1	80.0	1.0	2
34	54	0	100.0	2.0	2
34	55	1	100.0	2.0	2
34	57	1	100.0	2.0	2
34	58	1	100.0	2.0	2
34	59	1			2
34	6	1			1
34	60	1	100.0	1.0	2
34	61	1			2
34	62	1	60.0	1.0	2
34	63	1	80.0	1.0	2
34	64	1	60.0	1.0	2
34	66	0	80.0	2.0	2
34	67	1	80.0	1.0	2
34	68	1	60.0	2.0	2
34	69	1			2
34	7	1			1
34	70	1	100.0	1.0	2
34	71	1			2
34	72	1			2
34	73	1			2
34	74	0	80.0	1.0	2
34	75	1			2
34	76	1			2
34	77	1	60.0	1.0	2
34	78	1			2
34	79	0	80.0	1.0	2
34	8	1	100.0	1.0	1
34	80	1			2
34	81	1	100.0	1.0	2
34	82	1	80.0	1.0	2
34	83	1	80.0	2.0	2
34	84	1			2
35	1	1	100.0	1.0	1
35	10	1			1
35	11	1	100.0	2.0	2
35	12	1	60.0	1.0	2
35	13	0	100.0	1.0	2
35	14	1	100.0	2.0	2
35	15	0	60.0	1.0	2
35	16	0	40.0	1.0	2
35	17	1			2
35	18	1			2
35	19	1	100.0	1.0	2
35	2	1	100.0	1.0	1
35	20	1	80.0	1.0	2
35	21	0	100.0	1.0	2
35	22	0	100.0	2.0	2
35	23	1	100.0	1.0	2
35	24	1			2
35	25	1	80.0	1.0	2
35	26	1	60.0	2.0	2
35	27	1	100.0	1.0	2
35	28	1			2
35	29	1	80.0	1.0	2
35	3	1	100.0	1.0	1
35	30	0	100.0	1.0	2
35	31	1	100.0	1.0	2
35	32	1	100.0	2.0	2
35	33	0	100.0	1.0	2
35	34	0			2
35	37	1	100.0	2.0	2
35	39	1	80.0	1.0	2
35	4	1	100.0	1.0	1
35	40	1	100.0	1.0	2
35	41	0	60.0	1.0	2
35	42	1	100.0	1.0	2
35	43	1	100.0	1.0	2
35	44	1	100.0	1.0	2
35	45	1			2
35	48	0	80.0	1.0	2
35	49	0	80.0	1.0	2
35	5	1	100.0	1.0	1
35	50	0	100.0	1.0	2
35	51	0	100.0	1.0	2
35	53	0	100.0	2.0	2
35	57	1	100.0	1.0	2
35	58	1			2
35	59	1			2
35	6	1	100.0	1.0	1
35	60	1	100.0	2.0	2
35	61	1	100.0	2.0	2
35	62	1	100.0	2.0	2
35	63	1	100.0	1.0	2
35	65	1			2
35	66	1			2
35	67	1			2
35	68	1	100.0	1.0	2
35	69	1	100.0	1.0	2
35	7	1			1
35	70	1	100.0	1.0	2
35	74	1			2
35	75	0	100.0	1.0	2
35	76	1			2
35	77	0	60.0	1.0	2
35	78	1			2
35	79	1	100.0	1.0	2
35	8	1	100.0	1.0	1
35	80	1	100.0	2.0	2
35	81	1	100.0	2.0	2
35	82	1	100.0	1.0	2
35	83	1	100.0	1.0	2
35	84	0	100.0	1.0	2
35	85	1	100.0	2.0	2
35	86	1			2
35	87	1	80.0	1.0	2
35	88	1			2
35	89	1			2
35	9	1	100.0	1.0	1
36	1	1	80.0	1.0	1
36	10	1			1
36	11	0	60.0	1.0	1
36	12	1	100.0	1.0	2
36	14	1	80.0	1.0	2
36	15	1	40.0	1.0	2
36	16	1	40.0	1.0	2
36	17	1	60.0	1.0	2
36	18	0			2
36	19	1			2
36	2	1			1
36	20	1	40.0	1.0	2
36	21	1	60.0	1.0	2
36	24	1	60.0	1.0	2
36	25	1	40.0	1.0	2
36	26	1			2
36	27	0	20.0	1.0	2
36	28	1	100.0	1.0	2
36	29	1	40.0	1.0	2
36	3	1			1
36	30	1	40.0	2.0	2
36	37	1	100.0	2.0	2
36	38	1	100.0	1.0	2
36	39	0			2
36	4	1	100.0	1.0	1
36	42	0	40.0	1.0	2
36	43	0	40.0	2.0	2
36	44	1	100.0	2.0	2
36	45	1	100.0	1.0	2
36	46	1	100.0	1.0	2
36	47	0			2
36	5	1	100.0	1.0	1
36	50	0			2
36	51	1	60.0	1.0	2
36	52	1	60.0	1.0	2
36	53	1			2
36	53,5	0	40.0	1.0	2
36	54	0			2
36	55	0	80.0	1.0	2
36	56	0	40.0	1.0	2
36	57	0			2
36	58	1	80.0	1.0	2
36	59	1	100.0	1.0	2
36	6	1			1
36	60	1	80.0	2.0	2
36	61	0	20.0	1.0	2
36	62	1	100.0	2.0	2
36	63	1	80.0	1.0	2
36	64	1	100.0	1.0	2
36	65	0	40.0	1.0	2
36	66	1	100.0	1.0	2
36	67	1	100.0	1.0	2
36	69	1	40.0	1.0	2
36	7	1			1
36	70	1	40.0	2.0	2
36	71	1			2
36	72	0	40.0	1.0	2
36	73	0			2
36	74	0	20.0	1.0	2
36	75	1	100.0	1.0	2
36	76	1	100.0	1.0	2
36	78	1			2
36	79	1	100.0	1.0	2
36	8	1			1
36	80	1			3
36	9	1	100.0	1.0	1
37	1	1	100.0	1.0	1
37	10	1	100.0	1.0	1
37	11	1	100.0	1.0	1
37	12	0	80.0	1.0	1
37	13	1			1
37	14	1			1
37	15	1	100.0	2.0	2
37	16	1	100.0	2.0	2
37	17	1	80.0	1.0	2
37	18	1	60.0	1.0	2
37	19	1	100.0	1.0	2
37	2	1	100.0	1.0	1
37	20	1			2
37	21	1	60.0	1.0	2
37	22	1	60.0	1.0	2
37	23	1	40.0	1.0	2
37	24	1	40.0	2.0	2
37	25	0	40.0	1.0	2
37	26	1	60.0	1.0	2
37	27	1	40.0	2.0	2
37	28	1	40.0	1.0	2
37	29	1			2
37	3	1			1
37	30	1	80.0	1.0	2
37	31	0			2
37	32	1	80.0	2.0	2
37	33	1			2
37	34	1	60.0	1.0	2
37	35	1			2
37	36	1	60.0	1.0	2
37	37	0	60.0	1.0	2
37	38	1			2
37	39	1			2
37	4	1	100.0	1.0	1
37	40	0	60.0	2.0	2
37	41	0	40.0	1.0	2
37	42	0	60.0	1.0	2
37	43	1			2
37	44	1			2
37	45	1	100.0	1.0	2
37	46	1			2
37	47	1	100.0	1.0	2
37	48	1	80.0	1.0	2
37	49	1	100.0	1.0	2
37	5	1			1
37	50	1			2
37	51	1	100.0	1.0	2
37	52	0			2
37	53	1	60.0	1.0	2
37	54	1	60.0	1.0	2
37	55	0	60.0	1.0	2
37	56	0	80.0	1.0	2
37	57	1	80.0	2.0	2
37	58	1			2
37	59	1	100.0	2.0	2
37	6	1			1
37	60	1	100.0	2.0	2
37	61	1			2
37	62	1	100.0	2.0	2
37	63	1	100.0	2.0	2
37	64	1	100.0	2.0	2
37	65	1			2
37	66	1			2
37	67	0	80.0	2.0	2
37	68	0	80.0	2.0	2
37	69	1	100.0	1.0	2
37	7	1	100.0	1.0	1
37	70	1			2
37	71	1	100.0	2.0	2
37	72	1	100.0	1.0	2
37	73	1			2
37	74	1			2
37	75	1	60.0	1.0	2
37	76	1	60.0	2.0	2
37	78	1	80.0	1.0	2
37	79	0	100.0	1.0	2
37	8	1	100.0	1.0	1
37	80	0	60.0	1.0	2
37	81	1	100.0	1.0	2
37	82	0	60.0	1.0	2
37	9	1	100.0	1.0	1
39	10	1	100.0	1.0	1
39	11	1	100.0	1.0	1
39	12	1			1
39	13	1			1
39	14	0			1
39	15	1	80.0	1.0	1
39	16	1	100.0	1.0	1
39	17	1	100.0	2.0	2
39	18	1			2
39	19	1			2
39	2	1			1
39	20	1	80.0	1.0	2
39	21	1	100.0	1.0	2
39	22	1			2
39	23	1			2
39	24	1			2
39	25	0	80.0	1.0	2
39	27	1	60.0	1.0	2
39	28	1	80.0	1.0	2
39	29	1	80.0	2.0	2
39	3	1	100.0	1.0	1
39	30	1	100.0	1.0	2
39	31	1			2
39	32	1			2
39	33	1			2
39	34	1	80.0	2.0	2
39	35	1	80.0	1.0	2
39	37	0			2
39	38	0	80.0	2.0	2
39	39	1	80.0	1.0	2
39	4	1	100.0	1.0	1
39	40	0	80.0	1.0	2
39	43	1	100.0	1.0	2
39	44	0	80.0	2.0	2
39	45	1	100.0	1.0	2
39	46	0	80.0	1.0	2
39	47	1	100.0	1.0	2
39	48	1			2
39	49	1			2
39	5	1			1
39	50	1	100.0	2.0	2
39	51	0	100.0	2.0	2
39	53	1			2
39	54	1			2
39	55	1			2
39	56	1	100.0	2.0	2
39	57	1	100.0	1.0	2
39	58	1	100.0	1.0	2
39	59	1	100.0	2.0	2
39	6	1	100.0	1.0	1
39	60	1	100.0	1.0	2
39	61	1			2
39	62	0			2
39	63	0	80.0	1.0	2
39	64	1	80.0	2.0	2
39	65	0	80.0	1.0	2
39	66	0	100.0	1.0	2
39	67	1			2
39	68	1	100.0	1.0	2
39	69	1	100.0	1.0	2
39	7	0	100.0	1.0	1
39	70	1			2
39	72	0	100.0	1.0	2
39	74	1			2
39	75	0			2
39	76	1	100.0	2.0	2
39	77	1	100.0	2.0	2
39	78	1			2
39	79	1			2
39	8	0	100.0	1.0	1
39	80	1			2
39	81	1	100.0	2.0	2
39	82	1	100.0	1.0	2
39	83	0	100.0	1.0	2
39	84	1	100.0	1.0	2
39	85	0	80.0	1.0	2
39	86	1	60.0	1.0	2
39	87	1	100.0	1.0	2
39	88	1	100.0	1.0	2
39	9	1			1
4	1	1	100.0	1.0	1
4	10	1	100.0	2.0	2
4	11	1			2
4	12	1	80.0	1.0	2
4	13	1	60.0	1.0	2
4	14	1	60.0	2.0	2
4	15	1	60.0	1.0	2
4	16	1	60.0	1.0	2
4	17	1	60.0	2.0	2
4	18	1	60.0	2.0	2
4	19	1	100.0	1.0	2
4	2	1	100.0	1.0	1
4	20	1	80.0	1.0	2
4	21	1	100.0	1.0	2
4	22	1			2
4	23	1			2
4	24	0	80.0	1.0	2
4	25	1	40.0	1.0	2
4	26	1	80.0	1.0	2
4	28	1	60.0	1.0	2
4	29	0	60.0	1.0	2
4	3	1			1
4	30	0			2
4	31	0	60.0	1.0	2
4	32	1	80.0	1.0	2
4	33	0	80.0	1.0	2
4	34	1	60.0	1.0	2
4	35	0	100.0	1.0	2
4	36	0	80.0	1.0	2
4	37	1			2
4	39	1	100.0	2.0	2
4	4	0	80.0	1.0	1
4	40	1			2
4	41	1			2
4	42	1			2
4	43	1	100.0	1.0	2
4	44	1	100.0	1.0	2
4	45	1			2
4	46	1			2
4	47	0			2
4	48	0	100.0	1.0	2
4	49	0	100.0	2.0	2
4	5	1	100.0	1.0	1
4	50	1	100.0	1.0	2
4	51	1	100.0	2.0	2
4	52	1			2
4	53	1			2
4	55	1	100.0	1.0	2
4	56	1	100.0	1.0	2
4	57	1	100.0	1.0	2
4	58	1			2
4	59	0			2
4	6	1			1
4	60	1	20.0	1.0	2
4	61	1	20.0	2.0	2
4	62	0	100.0	1.0	2
4	63	0			2
4	64	1	100.0	1.0	2
4	65	1			2
4	66	1			2
4	67	1			2
4	68	0	60.0	1.0	2
4	69	1	80.0	1.0	2
4	7	1			1
4	8	1			1
4	9	1			1
40	1	1	100.0	1.0	1
40	10	1			1
40	11	1	100.0	1.0	1
40	12	0	60.0	1.0	1
40	13	1			2
40	14	1	80.0	1.0	2
40	15	1	80.0	1.0	2
40	16	0	80.0	1.0	2
40	17	1	100.0	1.0	2
40	18	1			2
40	19	0			2
40	2	1	80.0	1.0	1
40	21	1	80.0	1.0	2
40	22	1	60.0	1.0	2
40	23	1			2
40	24	0	60.0	1.0	2
40	25	0	40.0	1.0	2
40	26	0	40.0	1.0	2
40	27	1	80.0	1.0	2
40	28	0	60.0	1.0	2
40	29	1	80.0	2.0	2
40	3	1			1
40	30	0			2
40	31	1			2
40	32	0			2
40	34	1	60.0	1.0	2
40	35	1	60.0	1.0	2
40	36	1	60.0	1.0	2
40	37	1	60.0	1.0	2
40	38	0	40.0	1.0	2
40	39	1	40.0	1.0	2
40	4	1	100.0	1.0	1
40	40	0			2
40	41	1	40.0	2.0	2
40	42	1	100.0	2.0	2
40	43	1	100.0	1.0	2
40	44	1	100.0	2.0	2
40	45	1	100.0	2.0	2
40	46	1			2
40	5	1	100.0	1.0	1
40	53	1			2
40	54	1	60.0	1.0	2
40	55	1	60.0	1.0	2
40	56	1	60.0	2.0	2
40	57	1	60.0	1.0	2
40	58	0	60.0	1.0	2
40	59	1	60.0	1.0	2
40	6	1	100.0	1.0	1
40	60	1			2
40	61	0	40.0	1.0	2
40	62	0	20.0	1.0	2
40	63	1			2
40	7	1	100.0	1.0	1
40	74	1	60.0	1.0	2
40	75	0	60.0	1.0	2
40	76	1	60.0	1.0	2
40	77	1			2
40	78	1	100.0	1.0	2
40	79	1			2
40	8	1	100.0	1.0	1
40	80	0	20.0	1.0	2
40	81	1	100.0	2.0	2
40	9	1			1
41	1	1	80.0	1.0	1
41	10	0	100.0	1.0	1
41	12	1	80.0	1.0	2
41	13	1	100.0	1.0	2
41	14	1	60.0	1.0	2
41	15	0	100.0	1.0	2
41	16	1	80.0	1.0	2
41	17	1	60.0	1.0	2
41	18	1	100.0	1.0	2
41	19	1	80.0	1.0	2
41	2	1	100.0	1.0	1
41	20	1	60.0	1.0	2
41	21	1	100.0	1.0	2
41	22	1	100.0	1.0	2
41	23	1	80.0	1.0	2
41	24	1	100.0	2.0	2
41	25	1			2
41	26	0	60.0	1.0	2
41	27	1	100.0	1.0	2
41	28	1	100.0	1.0	2
41	29	1	100.0	1.0	2
41	3	1	100.0	1.0	1
41	30	1	100.0	1.0	2
41	31	1	100.0	1.0	2
41	32	1	100.0	2.0	2
41	35	1	100.0	1.0	2
41	36	1	60.0	1.0	2
41	37	1	60.0	1.0	2
41	38	0			2
41	39	0	100.0	1.0	2
41	4	1	100.0	1.0	1
41	41	1			2
41	42	0	60.0	1.0	2
41	44	1	100.0	1.0	2
41	45	1	100.0	1.0	2
41	46	1	100.0	1.0	2
41	47	1	100.0	1.0	2
41	48	1	100.0	2.0	2
41	49	1			2
41	5	1	100.0	1.0	1
41	50	0	80.0	1.0	2
41	51	0	60.0	1.0	2
41	53	1	100.0	1.0	2
41	54	1	80.0	1.0	2
41	55	1	80.0	2.0	2
41	56	0	60.0	1.0	2
41	57	1			2
41	58	1	80.0	2.0	2
41	6	1	100.0	1.0	1
41	7	1			1
41	8	1	100.0	1.0	1
41	9	1			1
42	1	1	100.0	1.0	1
42	10	1	100.0	1.0	1
42	11	1			1
42	12	1	100.0	1.0	1
42	13	1			1
42	14	0	0.0	1.0	1
42	15	1	100.0	1.0	1
42	16	1	100.0	1.0	1
42	17	1	100.0	1.0	1
42	18	1			1
42	2	1			1
42	20	1	100.0	1.0	2
42	21	1	100.0	1.0	2
42	22	1	80.0	1.0	2
42	23	1			2
42	28	1	100.0	2.0	2
42	29	1	100.0	1.0	2
42	3	1			1
42	30	1	100.0	1.0	2
42	4	1			1
42	40	1			2
42	41	1			2
42	48	1	80.0	1.0	2
42	49	1	100.0	1.0	2
42	5	1			1
42	50	1			2
42	51	1	100.0	2.0	2
42	52	1			2
42	54	1	100.0	1.0	2
42	58	1	60.0	1.0	2
42	59	0	60.0	1.0	2
42	6	1			1
42	61	1			2
42	62	1			2
42	64	0			2
42	66	1	100.0	1.0	2
42	67	1	100.0	2.0	2
42	68	1	100.0	2.0	2
42	69	1	100.0	1.0	2
42	7	1	100.0	1.0	1
42	70	0	100.0	1.0	2
42	71	1			2
42	73	1			2
42	74	1	100.0	1.0	2
42	75	1	100.0	1.0	2
42	76	1	100.0	1.0	3
42	8	1	100.0	1.0	1
42	9	1	100.0	1.0	1
43	1	0	100.0	1.0	1
43	10	0	60.0	1.0	2
43	11	1	100.0	1.0	2
43	12	1	80.0	1.0	2
43	13	1	100.0	1.0	2
43	14	1	80.0	1.0	2
43	15	1			2
43	16	1	100.0	1.0	2
43	17	1	100.0	1.0	2
43	18	1	100.0	1.0	2
43	19	1	100.0	1.0	2
43	2	0			1
43	20	1	100.0	2.0	2
43	21	1	80.0	1.0	2
43	22	1	80.0	1.0	2
43	24	0	100.0	1.0	2
43	25	0	100.0	2.0	2
43	26	1	80.0	1.0	2
43	27	1	80.0	1.0	2
43	29	1	100.0	1.0	2
43	3	0			1
43	30	1	80.0	1.0	2
43	31	0	60.0	1.0	2
43	32	1	80.0	2.0	2
43	35	1	60.0	1.0	2
43	36	0	60.0	1.0	2
43	37	0	60.0	1.0	2
43	4	1	60.0	1.0	2
43	41	1	100.0	1.0	2
43	42	1			2
43	43	1	100.0	2.0	2
43	44	1			2
43	45	1			2
43	46	0	100.0	1.0	2
43	47	0	100.0	2.0	2
43	48	0	100.0	2.0	2
43	49	0	100.0	1.0	2
43	5	0	60.0	1.0	2
43	50	0	60.0	1.0	2
43	51	1	20.0	1.0	2
43	53	0	80.0	1.0	2
43	54	1	44.0	1.0	2
43	6	0	100.0	1.0	2
43	7	0			2
43	8	1			2
43	9	1	60.0	1.0	2
44	10	1	100.0	1.0	1
44	11	1	60.0	1.0	1
44	12	1	100.0	1.0	1
44	13	1	80.0	1.0	1
44	14	1			1
44	15	1			1
44	16	1	80.0	1.0	1
44	17	1			1
44	18	1			1
44	19	1	100.0	1.0	1
44	2	1	80.0	1.0	1
44	20	1	100.0	1.0	1
44	21	1	100.0	1.0	1
44	22	1	100.0	1.0	1
44	23	1			1
44	24	1	60.0	1.0	1
44	25	1			2
44	26	1	80.0	1.0	2
44	27	1	60.0	1.0	2
44	28	1	100.0	1.0	2
44	29	1	80.0	1.0	2
44	3	1	60.0	1.0	1
44	30	1	60.0	1.0	2
44	31	1			2
44	32	1	60.0	1.0	2
44	33	1			2
44	34	1			2
44	35	1	20.0	1.0	2
44	36	1	100.0	2.0	2
44	37	1	100.0	1.0	2
44	38	0	60.0	1.0	2
44	39	1	60.0	1.0	2
44	4	1	80.0	1.0	1
44	40	0			2
44	41	1	20.0	1.0	2
44	42	1	100.0	1.0	2
44	43	1	80.0	1.0	2
44	44	1	60.0	1.0	2
44	45	1	20.0	1.0	2
44	46	1			2
44	47	0	80.0	1.0	2
44	48	0	40.0	1.0	2
44	49	1	60.0	2.0	2
44	5	1			1
44	50	1			2
44	51	1			2
44	52	1	80.0	1.0	2
44	53	1	60.0	1.0	2
44	54	1	80.0	2.0	2
44	55	1	100.0	2.0	2
44	57	0	20.0	1.0	2
44	58	1	40.0	1.0	2
44	59	0	0.0	1.0	2
44	6	1	100.0	1.0	1
44	60	1			2
44	62	1	60.0	2.0	2
44	63	1	100.0	1.0	2
44	64	1	80.0	1.0	2
44	65	1			2
44	66	1	80.0	1.0	2
44	67	1	80.0	2.0	2
44	68	1	80.0	1.0	2
44	69	1			2
44	7	0	20.0	1.0	1
44	70	1	100.0	1.0	2
44	71	1	40.0	1.0	2
44	72	0	60.0	1.0	2
44	73	0	60.0	1.0	2
44	74	1	40.0	1.0	2
44	75	1			2
44	76	1	100.0	2.0	2
44	77	0	20.0	1.0	2
44	79	1	60.0	1.0	2
44	8	1	20.0	1.0	1
44	8	1	20.0	1.0	1
44	80	1			2
44	82	1	80.0	2.0	2
44	9	1			1
45	1	1	100.0	1.0	1
45	10	0			1
45	11	1	100.0	1.0	1
45	13	1	100.0	1.0	2
45	14	0	60.0	1.0	2
45	15	1	100.0	1.0	2
45	18	1	100.0	1.0	2
45	19	1			2
45	2	1	100.0	1.0	1
45	20	1	100.0	1.0	2
45	21	1			2
45	23	1	80.0	1.0	2
45	24	0	80.0	1.0	2
45	25	1	100.0	1.0	2
45	28	0	80.0	1.0	2
45	29	1	100.0	2.0	2
45	3	1	100.0	1.0	1
45	30	1	100.0	1.0	2
45	31	1	60.0	1.0	2
45	32	1	100.0	1.0	2
45	33	1	80.0	1.0	2
45	35	1	100.0	1.0	2
45	37	1	100.0	1.0	2
45	38	1	100.0	1.0	2
45	39	0	100.0	1.0	2
45	4	1	100.0	1.0	1
45	41	1	100.0	1.0	2
45	42	1	100.0	1.0	2
45	43	1	100.0	1.0	2
45	45	1			2
45	46	1	100.0	1.0	2
45	47	1	100.0	1.0	2
45	48	1	60.0	1.0	2
45	49	0	100.0	1.0	2
45	5	1			1
45	50	0	100.0	1.0	2
45	51	1			2
45	52	0	80.0	1.0	2
45	53	0	60.0	1.0	2
45	54	0	100.0	1.0	2
45	55	1	80.0	1.0	2
45	56	1			2
45	57	1			2
45	58	1			2
45	6	1	100.0	1.0	1
45	60	1	100.0	1.0	2
45	61	1	100.0	1.0	2
45	62	1			2
45	64	1			2
45	65	1	80.0	1.0	2
45	66	1	60.0	1.0	2
45	67	0			2
45	68	0	80.0	1.0	2
45	69	0	80.0	2.0	2
45	7	1	100.0	1.0	1
45	70	0	100.0	1.0	2
45	71	0	100.0	2.0	2
45	72	1	100.0	1.0	2
45	73	1			3
45	8	1	100.0	1.0	1
45	9	1	100.0	1.0	1
46	1	1	100.0	1.0	1
46	10	1	100.0	1.0	2
46	11	1			2
46	12	1	100.0	2.0	2
46	14	1	60.0	1.0	2
46	15	0	100.0	1.0	2
46	17	1	100.0	1.0	2
46	18	1			2
46	19	1			2
46	2	1	100.0	1.0	1
46	20	1	100.0	2.0	2
46	21	1	100.0	1.0	2
46	22	1	100.0	2.0	2
46	22,5	1	100.0	2.0	2
46	23	0	100.0	1.0	2
46	25	1	100.0	1.0	2
46	26	1	100.0	1.0	2
46	27	0	100.0	1.0	2
46	28	0	80.0	1.0	2
46	29	1	100.0	1.0	2
46	3	1	100.0	1.0	1
46	30	1	100.0	2.0	2
46	31	1	100.0	1.0	2
46	32	1	100.0	1.0	2
46	33	1			2
46	34	1	100.0	1.0	2
46	35	0	100.0	1.0	2
46	36	1	100.0	1.0	2
46	37	1	100.0	1.0	2
46	38	1	100.0	1.0	2
46	39	1	80.0	1.0	2
46	4	1			1
46	40	1	80.0	2.0	2
46	41	1	100.0	1.0	2
46	42	1			2
46	43	1			2
46	44	1	100.0	1.0	2
46	45	1	100.0	1.0	2
46	46	0	40.0	1.0	2
46	47	1			2
46	48	1			2
46	49	0			2
46	50	1	100.0	1.0	2
46	51	1	100.0	1.0	2
46	52	1			2
46	53	1	100.0	1.0	2
46	54	1			2
46	55	1	100.0	1.0	2
46	56	0	100.0	1.0	2
46	57	1			2
46	58	1	100.0	2.0	2
46	59	0	40.0	1.0	2
46	6	1	100.0	1.0	1
46	61	0	100.0	1.0	2
46	62	0			2
46	63	0	80.0	1.0	2
46	64	1	40.0	1.0	2
46	65	1	100.0	2.0	2
46	66	1	100.0	1.0	2
46	67	1	100.0	1.0	2
46	68	0	40.0	1.0	2
46	69	1	100.0	1.0	2
46	70	1			2
46	71	1	100.0	2.0	2
46	72	1			2
46	73	0			2
46	75	0	20.0	1.0	2
46	76	0			2
46	77	1			2
46	78	1	100.0	2.0	2
46	79	0	100.0	1.0	2
46	8	1	100.0	2.0	2
46	80	1	80.0	1.0	2
46	81	0	40.0	1.0	2
46	82	1	100.0	1.0	2
46	83	1			2
46	84	0			2
46	85	0			2
46	86	0			2
46	87	1			2
46	9	1	100.0	2.0	2
47	1	1	100.0	1.0	1
47	10	1			1
47	11	1	100.0	1.0	1
47	12	0	40.0	1.0	1
47	13	0	80.0	1.0	1
47	14	1	100.0	1.0	1
47	15	1	100.0	1.0	1
47	16	1	100.0	2.0	2
47	17	1	80.0	1.0	2
47	18	1	100.0	1.0	2
47	19	1	100.0	1.0	2
47	2	1			1
47	20	0	80.0	1.0	2
47	20,5	0	100.0	1.0	2
47	21	1	60.0	1.0	2
47	22	1	100.0	1.0	2
47	23	0	80.0	1.0	2
47	24	0	80.0	1.0	2
47	25	1	100.0	2.0	2
47	26	1			2
47	27	1	100.0	1.0	2
47	28	0			2
47	29	1	80.0	1.0	2
47	3	1	100.0	1.0	1
47	30	1	100.0	1.0	2
47	31	1			2
47	32	1	80.0	1.0	2
47	33	0	40.0	1.0	2
47	34	1	60.0	1.0	2
47	35	1	60.0	1.0	2
47	36	1	80.0	1.0	2
47	37	0	80.0	1.0	2
47	38	1	100.0	1.0	2
47	4	1	100.0	1.0	1
47	40	0	80.0	1.0	2
47	41	0	80.0	1.0	2
47	42	0	80.0	1.0	2
47	44	0	60.0	1.0	2
47	46	1	100.0	2.0	2
47	47	0	80.0	2.0	2
47	48	0	40.0	2.0	2
47	49	1			2
47	5	1	100.0	1.0	1
47	50	1	100.0	2.0	2
47	51	1	80.0	2.0	2
47	52	0	60.0	1.0	2
47	53	0	60.0	2.0	2
47	54	1	100.0	2.0	2
47	54,5	1	100.0	1.0	2
47	55	0			2
47	57	1	100.0	2.0	2
47	58	1	100.0	1.0	2
47	59	1	100.0	1.0	2
47	6	1	100.0	1.0	1
47	60	1	80.0	1.0	2
47	61	1			2
47	62	0	40.0	1.0	2
47	63	0	60.0	2.0	2
47	64	0	40.0	1.0	2
47	65	1			2
47	66	1	100.0	1.0	2
47	7	0	60.0	1.0	1
47	8	1			1
47	9	1	100.0	1.0	1
48	1	1	100.0	1.0	1
48	10	1	80.0	2.0	2
48	11	0	0.0	1.0	2
48	12	1	80.0	1.0	2
48	13	1	100.0	1.0	2
48	14	1	60.0	1.0	2
48	15	1	60.0	1.0	2
48	17	1	20.0	1.0	2
48	18	1	20.0	1.0	2
48	19	0			2
48	2	1	100.0	1.0	1
48	20	0			2
48	21	1			2
48	22	1			2
48	23	1	80.0	1.0	2
48	24	1	60.0	1.0	2
48	25	0	40.0	1.0	2
48	26	1			2
48	27	1			2
48	29	1	20.0	1.0	2
48	3	0			1
48	30	1	100.0	1.0	2
48	31	0	100.0	1.0	2
48	32	0	80.0	1.0	2
48	33	1	100.0	1.0	2
48	34	1	100.0	1.0	2
48	35	1	100.0	1.0	2
48	36	0	100.0	1.0	2
48	37	1	40.0	1.0	2
48	38	1	40.0	2.0	2
48	39	1	20.0	1.0	2
48	4	1			1
48	40	1	20.0	1.0	2
48	41	0	80.0	1.0	2
48	42	0	80.0	1.0	2
48	43	0	100.0	1.0	2
48	44	0	20.0	1.0	2
48	45	1	100.0	1.0	2
48	46	0			2
48	47	1	100.0	1.0	2
48	48	1	100.0	1.0	2
48	49	0	60.0	1.0	2
48	5	0			1
48	50	0	60.0	2.0	2
48	51	1	40.0	1.0	2
48	52	1	80.0	1.0	2
48	53	0	100.0	1.0	2
48	55	0	0.0	1.0	2
48	56	1	40.0	1.0	2
48	57	1	100.0	1.0	2
48	58	1	20.0	1.0	2
48	59	1	100.0	1.0	3
48	60	1	100.0	1.0	3
48	7	1			2
48	9	1	40.0	1.0	2
49	1	1	100.0	1.0	1
49	10	1	100.0	2.0	2
49	12	1			2
49	13	1	80.0	1.0	2
49	14	1	80.0	1.0	2
49	15	1	100.0	1.0	2
49	16	1	100.0	1.0	2
49	17	1	100.0	1.0	2
49	19	1	80.0	1.0	2
49	2	1	100.0	1.0	1
49	20	1	100.0	2.0	2
49	21	1	80.0	1.0	2
49	22	1	40.0	1.0	2
49	23	1	100.0	1.0	2
49	24	1	80.0	1.0	2
49	25	1	100.0	1.0	2
49	26	1	100.0	1.0	2
49	27	0	100.0	1.0	2
49	28	0	80.0	1.0	2
49	29	1			2
49	3	1	100.0	1.0	1
49	30	1			2
49	31	0	80.0	2.0	2
49	34	1	100.0	2.0	2
49	35	1	60.0	1.0	2
49	36	1	80.0	1.0	2
49	37	1	100.0	1.0	2
49	38	0			2
49	39	1	100.0	1.0	2
49	4	1	100.0	1.0	1
49	40	1	80.0	1.0	2
49	41	1	100.0	2.0	2
49	43	1			2
49	44	1	100.0	2.0	2
49	45	1			2
49	46	1			2
49	47	1			2
49	48	1			2
49	49	1			2
49	5	1	100.0	1.0	1
49	50	1	80.0	1.0	2
49	50,5	1	80.0	1.0	2
49	51	0	100.0	1.0	2
49	52	0	80.0	1.0	2
49	53	0	60.0	1.0	2
49	54	1	80.0	1.0	2
49	57	0	100.0	2.0	2
49	58	1	80.0	1.0	2
49	59	1	100.0	1.0	2
49	6	1	100.0	1.0	1
49	60	1			2
49	61	1			2
49	62	1			2
49	63	0	100.0	1.0	2
49	64	1	100.0	2.0	2
49	66	1			2
49	67	1	80.0	1.0	2
49	68	1			2
49	69	1	80.0	1.0	2
49	7	1	100.0	2.0	1
49	70	1	80.0	1.0	2
49	71	0	100.0	1.0	2
49	74	1	100.0	1.0	2
49	75	1	100.0	2.0	2
49	76	1	80.0	1.0	2
49	77	1	100.0	2.0	2
49	78	0	100.0	1.0	2
49	79	1			3
49	8	1	80.0	1.0	1
49	9	0	20.0	1.0	1
5	1	1	100.0	1.0	1
5	10	1	100.0	2.0	2
5	11	1	100.0	1.0	2
5	12	1	80.0	1.0	2
5	13	1	80.0	1.0	2
5	14	0	80.0	1.0	2
5	15	1			2
5	16	1	80.0	1.0	2
5	17	0			2
5	18	1	80.0	2.0	2
5	19	1	60.0	1.0	2
5	2	1	100.0	1.0	1
5	20	1	80.0	1.0	2
5	21	1	80.0	1.0	2
5	22	1	60.0	1.0	2
5	23	0			2
5	24	0	60.0	1.0	2
5	25	0	60.0	2.0	2
5	26	1	100.0	1.0	2
5	27	1	100.0	2.0	2
5	28	1			2
5	29	1			2
5	3	1	100.0	1.0	1
5	30	0	80.0	1.0	2
5	31	0			2
5	31,5	1			2
5	32	1	80.0	1.0	2
5	34	1	40.0	1.0	2
5	35	0			2
5	36	1			2
5	37	1	60.0	1.0	2
5	38	0	100.0	1.0	2
5	39	1	100.0	1.0	2
5	4	1	100.0	1.0	1
5	40	0	80.0	1.0	2
5	41	0			2
5	42	1	80.0	1.0	2
5	43	0			2
5	44	1			2
5	45	1	60.0	1.0	2
5	46	1	60.0	1.0	2
5	47	0	80.0	1.0	2
5	48	1	100.0	1.0	2
5	49	1	100.0	2.0	2
5	5	1	100.0	1.0	1
5	50	1	100.0	2.0	2
5	51	1	100.0	2.0	2
5	52	1			2
5	53	1			2
5	54	1	100.0	1.0	2
5	55	1	100.0	1.0	2
5	56	0	100.0	1.0	2
5	57	1	60.0	1.0	2
5	58	1	100.0	1.0	2
5	59	1	80.0	1.0	2
5	6	1			1
5	60	1			2
5	62	0	80.0	2.0	2
5	63	0			2
5	64	0			2
5	65	0			2
5	66	0			2
5	67	1	100.0	1.0	2
5	68	1			2
5	69	0	60.0	1.0	2
5	7	1			1
5	70	0	100.0	1.0	2
5	8	1			1
5	9	0	80.0	1.0	1
50	1	1	100.0	1.0	1
50	10	1			2
50	11	1	60.0	1.0	2
50	12	1	100.0	1.0	2
50	13	1	100.0	1.0	2
50	14	1	100.0	1.0	2
50	15	0	80.0	1.0	2
50	16	0	60.0	1.0	2
50	17	1	100.0	1.0	2
50	18	1	80.0	1.0	2
50	19	1	100.0	1.0	2
50	2	0			1
50	20	1	100.0	1.0	2
50	21	0	80.0	1.0	2
50	22	1	100.0	1.0	2
50	23	1	80.0	1.0	2
50	24	0	40.0	1.0	2
50	25	1	40.0	1.0	2
50	26	1	100.0	1.0	2
50	27	1	100.0	1.0	2
50	28	0	40.0	1.0	2
50	29	1	100.0	1.0	2
50	3	1			1
50	30	1	100.0	1.0	2
50	31	1	100.0	1.0	2
50	32	1	100.0	1.0	2
50	33	1	100.0	2.0	2
50	34	1	100.0	2.0	2
50	35	1	40.0	1.0	2
50	36	1	100.0	2.0	2
50	37	1	100.0	1.0	2
50	38	0	80.0	1.0	2
50	39	1	60.0	1.0	2
50	4	1			1
50	40	1	100.0	1.0	2
50	41	1	100.0	1.0	2
50	42	1	100.0	1.0	2
50	43	1	100.0	1.0	2
50	44	0	100.0	1.0	2
50	45	1			2
50	47	1	100.0	1.0	2
50	48	1	100.0	1.0	2
50	5	1	100.0	1.0	1
50	50	1	60.0	1.0	2
50	51	1			2
50	52	0	100.0	1.0	2
50	53	0	20.0	1.0	2
50	54	0	100.0	1.0	2
50	55	0	40.0	1.0	2
50	57	1			2
50	58	1	100.0	1.0	2
50	6	1	100.0	1.0	1
50	7	0	100.0	1.0	1
50	8	1	100.0	1.0	1
50	9	0	100.0	2.0	1
51	1	1	100.0	1.0	1
51	10	1	80.0	2.0	2
51	11	1	60.0	1.0	2
51	12	1	40.0	1.0	2
51	13	1	100.0	2.0	2
51	14	1	40.0	1.0	2
51	15	1	80.0	2.0	2
51	17	1	80.0	1.0	2
51	18	1	100.0	1.0	2
51	19	0	80.0	1.0	2
51	2	1	100.0	1.0	1
51	20	1	80.0	1.0	2
51	21	1	60.0	1.0	2
51	22	1	40.0	1.0	2
51	23	1	40.0	1.0	2
51	24	1	40.0	1.0	2
51	25	1	60.0	2.0	2
51	26	1	40.0	1.0	2
51	27	1	40.0	1.0	2
51	29	1	20.0	1.0	2
51	3	1			2
51	30	1	40.0	1.0	2
51	31	1	40.0	2.0	2
51	32	1	20.0	1.0	2
51	33	1	40.0	2.0	2
51	34	1	20.0	2.0	2
51	35	0	60.0	2.0	2
51	36	1	100.0	1.0	2
51	37	1	100.0	1.0	2
51	38	0	60.0	1.0	2
51	39	1	100.0	2.0	2
51	4	1	80.0	1.0	2
51	40	1	40.0	1.0	2
51	41	1	40.0	1.0	2
51	42	1	40.0	1.0	2
51	43	1	40.0	2.0	2
51	44	1	40.0	2.0	2
51	45	0			2
51	46	0	60.0	2.0	2
51	47	0	20.0	1.0	2
51	48	1			2
51	49	1			2
51	5	1	100.0	1.0	2
51	50	0			2
51	51	1			2
51	52	0			2
51	53	1			2
51	54	1	20.0	1.0	2
51	55	1	100.0	1.0	2
51	56	1	40.0	1.0	2
51	57	1	20.0	2.0	2
51	58	0	20.0	1.0	2
51	59	1	0.0	1.0	2
51	6	0	60.0	1.0	2
51	60	0	0.0	2.0	2
51	61	0	0.0	1.0	2
51	62	0	40.0	1.0	2
51	63	1	40.0	1.0	2
51	64	1			2
51	65	1			2
51	66	1	60.0	1.0	2
51	67	1	0.0	1.0	2
51	7	1	60.0	1.0	2
51	8	1			2
51	9	1	60.0	1.0	2
52	1	0	100.0	1.0	1
52	10	0	100.0	1.0	2
52	11	0			2
52	12	1	100.0	1.0	2
52	13	1			2
52	14	1	100.0	1.0	2
52	15	1	20.0	1.0	2
52	16	1	20.0	1.0	2
52	17	1	100.0	2.0	2
52	18	1	80.0	1.0	2
52	19	1	80.0	1.0	2
52	2	1	60.0	1.0	1
52	20	1	100.0	2.0	2
52	21	1			2
52	22	0			2
52	23	0			2
52	24	0			2
52	25	1	40.0	1.0	2
52	26	0	100.0	1.0	2
52	27	1	20.0	1.0	2
52	28	1			2
52	29	0	20.0	1.0	2
52	3	1	100.0	1.0	1
52	30	0	20.0	1.0	2
52	31	0	40.0	1.0	2
52	32	1	20.0	1.0	2
52	33	0	80.0	1.0	2
52	34	0	20.0	1.0	2
52	35	0			2
52	36	0	20.0	2.0	2
52	37	0	20.0	1.0	2
52	38	0	80.0	1.0	2
52	4	1	100.0	2.0	1
52	40	0	20.0	1.0	2
52	41	0	80.0	1.0	2
52	42	1	20.0	1.0	2
52	43	0	100.0	1.0	2
52	44	1	100.0	2.0	2
52	45	1	80.0	2.0	2
52	46	1			2
52	47	1	100.0	1.0	2
52	48	1	100.0	1.0	2
52	5	1	100.0	1.0	1
52	50	0			2
52	51	1	100.0	1.0	2
52	52	1	100.0	1.0	2
52	55	0	60.0	1.0	2
52	56	0	20.0	1.0	2
52	57	1	40.0	1.0	2
52	58	1			2
52	59	0	20.0	1.0	2
52	6	1	80.0	1.0	1
52	8	1			2
52	9	0			2
53	1	1	100.0	1.0	1
53	10	1	100.0	1.0	1
53	11	1	100.0	1.0	1
53	12	1			1
53	14	1	100.0	2.0	1
53	15	1	100.0	1.0	1
53	16	1	80.0	1.0	1
53	17	1			2
53	18	1	100.0	1.0	2
53	19	1	100.0	1.0	2
53	2	1			1
53	20	1	100.0	2.0	2
53	21	1	100.0	1.0	2
53	22	1	80.0	1.0	2
53	23	1	80.0	1.0	2
53	24	1	60.0	1.0	2
53	25	0	100.0	1.0	2
53	26	1	40.0	1.0	2
53	27	1	100.0	1.0	2
53	28	1	100.0	2.0	2
53	29	1	100.0	1.0	2
53	3	1	100.0	1.0	1
53	30	0	80.0	1.0	2
53	31	1	100.0	1.0	2
53	32	1			2
53	34	1			2
53	35	1	100.0	1.0	2
53	36	1	100.0	1.0	2
53	37	1			2
53	38	1			2
53	39	1	100.0	1.0	2
53	4	1	100.0	1.0	1
53	40	1	100.0	1.0	2
53	41	1	100.0	1.0	2
53	42	1			2
53	43	1	100.0	1.0	2
53	44	1			2
53	45	1	100.0	1.0	2
53	47	1	100.0	2.0	2
53	48	1	80.0	1.0	2
53	49	1	80.0	2.0	2
53	5	1	100.0	1.0	1
53	50	0			2
53	51	1	60.0	1.0	2
53	52	0	60.0	1.0	2
53	53	1	100.0	1.0	2
53	54	1	100.0	2.0	2
53	55	1			2
53	57	1			2
53	59	0	40.0	1.0	2
53	6	1			1
53	60	1	80.0	1.0	2
53	61	1	80.0	1.0	2
53	62	0	40.0	1.0	2
53	63	1			2
53	64	0	40.0	2.0	2
53	65	1			2
53	66	0	80.0	1.0	2
53	67	1	20.0	1.0	2
53	68	1			2
53	69	1			2
53	7	1	100.0	1.0	1
53	70	1	80.0	1.0	2
53	71	1	80.0	1.0	2
53	72	0			2
53	73	0	60.0	1.0	3
53	74	0	60.0	1.0	3
53	75	0	60.0	1.0	3
53	8	1			1
53	9	1	80.0	1.0	1
55	1	1	100.0	1.0	1
55	11	1	100.0	1.0	1
55	12	1	100.0	1.0	1
55	13	1	100.0	1.0	1
55	14	1	100.0	1.0	1
55	15	1	100.0	1.0	1
55	16	1	100.0	2.0	2
55	17	1			2
55	18	1	100.0	2.0	2
55	19	0	100.0	1.0	2
55	2	1	80.0	1.0	1
55	20	1			2
55	21	1			2
55	22	0	80.0	1.0	2
55	23	0	80.0	1.0	2
55	24	0			2
55	26	1	60.0	1.0	2
55	27	1	60.0	1.0	2
55	28	0	40.0	1.0	2
55	29	1			2
55	3	1	100.0	1.0	1
55	31	0	40.0	1.0	2
55	32	0	80.0	1.0	2
55	33	0			2
55	34	1			2
55	35	1	80.0	1.0	2
55	36	1			2
55	37	1	60.0	1.0	2
55	38	0	20.0	1.0	2
55	39	1	100.0	1.0	2
55	40	1			2
55	41	1	100.0	1.0	2
55	42	1	100.0	1.0	2
55	42,5	1	80.0	1.0	2
55	43	1	80.0	2.0	2
55	44	1			2
55	45	1			2
55	46	0	20.0	1.0	2
55	47	0	20.0	1.0	2
55	49	1			2
55	5	1			1
55	50	0	20.0	1.0	2
55	51	0	20.0	1.0	2
55	52	1			2
55	54	1			2
55	55	1	100.0	2.0	2
55	56	1			2
55	57	1			2
55	58	1	100.0	1.0	2
55	6	1	100.0	1.0	1
55	61	1			2
55	64	1	60.0	1.0	2
55	65	1			2
55	66	1	100.0	1.0	2
55	67	1	60.0	1.0	2
55	68	1	40.0	1.0	2
55	7	1	100.0	1.0	1
55	70	1	100.0	1.0	3
55	72	1			3
55	8	0			1
55	9	1	100.0	1.0	1
56	1	1	100.0	1.0	1
56	10	1	100.0	1.0	1
56	10	1	100.0	1.0	1
56	10	1	100.0	1.0	1
56	10	1	100.0	1.0	1
56	10	1	100.0	1.0	1
56	10	1	100.0	1.0	1
56	10	1	100.0	1.0	1
56	11	0	100.0	1.0	1
56	11	0	100.0	1.0	1
56	11	0	100.0	1.0	1
56	11	0	100.0	1.0	1
56	11	0	100.0	1.0	1
56	11	0	100.0	1.0	1
56	11	0	100.0	1.0	1
56	11	0	100.0	1.0	1
56	11	0	100.0	1.0	1
56	11	0	100.0	1.0	1
56	11	0	100.0	1.0	1
56	12	1			1
56	12	1			1
56	12	1			1
56	12	1			1
56	12	1			1
56	12	1			1
56	12	1			1
56	12	1			1
56	13	1			1
56	13	1			1
56	13	1			1
56	13	1			1
56	13	1			1
56	13	1			1
56	13	1			1
56	13	1			1
56	14	1	100.0	1.0	1
56	15	1			1
56	16	1	100.0	1.0	1
56	19	1	100.0	2.0	2
56	2	0			1
56	20	1	100.0	1.0	2
56	21	0	100.0	1.0	2
56	22	1	100.0	2.0	2
56	23	1	100.0	1.0	2
56	24	1	100.0	2.0	2
56	25	1	100.0	2.0	2
56	26	0	100.0	2.0	2
56	27	1	100.0	2.0	2
56	28	1	100.0	1.0	2
56	29	1			2
56	3	1	100.0	1.0	1
56	30	1	100.0	1.0	2
56	31	1	80.0	1.0	2
56	32	1	80.0	2.0	2
56	33	1	100.0	1.0	2
56	34	1	100.0	2.0	2
56	35	1	80.0	1.0	2
56	36	0	80.0	1.0	2
56	37	0	80.0	1.0	2
56	38	1	100.0	1.0	2
56	4	1			1
56	41	1	100.0	1.0	2
56	43	1	100.0	1.0	2
56	45	1			2
56	46	1	100.0	2.0	2
56	48	1	100.0	1.0	2
56	49	0			2
56	5	1			1
56	50	1			2
56	52	1	60.0	1.0	2
56	53	1	60.0	2.0	2
56	54	1	80.0	1.0	2
56	56	0			2
56	57	1	80.0	2.0	2
56	58	1	60.0	2.0	2
56	59	1	80.0	2.0	2
56	6	1	100.0	2.0	1
56	60	1	100.0	2.0	2
56	61	0			2
56	62	1			2
56	63	0	100.0	1.0	2
56	64	1	100.0	2.0	2
56	65	0			2
56	66	1	100.0	2.0	2
56	67	1	100.0	1.0	2
56	68	1			2
56	69	1	100.0	1.0	2
56	7	1	100.0	1.0	1
56	70	1	80.0	1.0	2
56	71	1			2
56	72	1	100.0	1.0	2
56	73	0	100.0	1.0	2
56	74	1			2
56	78	1	100.0	1.0	2
56	79	1	100.0	2.0	2
56	8	1	100.0	1.0	1
56	81	0	100.0	1.0	2
56	82	1	100.0	1.0	2
56	83	0			2
56	84	1			2
56	85	1	100.0	1.0	2
56	86	0	100.0	2.0	2
56	87	1	100.0	2.0	2
56	88	1	100.0	2.0	2
56	89	0	100.0	2.0	2
56	9	1	100.0	1.0	1
56	90	1	80.0	1.0	2
56	91	0	100.0	1.0	2
56	92	1			2
56	96	1	100.0	2.0	2
56	98	1	100.0	1.0	2
56	99	1			2
58	1	1	100.0	1.0	1
58	10	1	80.0	2.0	2
58	11	1	100.0	1.0	2
58	12	1	40.0	1.0	2
58	13	1	100.0	1.0	2
58	14	1	100.0	1.0	2
58	15	1	90.0	1.0	2
58	16	0	80.0	1.0	2
58	17	1	80.0	1.0	2
58	18	1	100.0	1.0	2
58	19	1	80.0	1.0	2
58	2	1			1
58	20	1	80.0	1.0	2
58	21	0	60.0	1.0	2
58	22	1	100.0	1.0	2
58	23	1	100.0	1.0	2
58	24	1			2
58	25	1	100.0	1.0	2
58	26	1	100.0	1.0	2
58	27	1	100.0	1.0	2
58	28	1	80.0	1.0	2
58	3	1	100.0	1.0	1
58	30	0	80.0	1.0	2
58	31	0	100.0	1.0	2
58	32	0	100.0	2.0	2
58	33	1			2
58	34	1			2
58	35	1			2
58	36	1			2
58	37	1	100.0	1.0	2
58	38	1	100.0	1.0	2
58	39	1			2
58	4	1	100.0	1.0	1
58	40	1	100.0	1.0	2
58	41	0			2
58	42	1	0.0	1.0	2
58	43	1	60.0	1.0	2
58	44	0	100.0	1.0	2
58	45	0	100.0	1.0	2
58	46	1	100.0	1.0	2
58	47	1	100.0	1.0	2
58	48	1	100.0	1.0	2
58	49	0	0.0	1.0	2
58	5	1	100.0	1.0	1
58	6	1	100.0	1.0	1
58	8	1	100.0	1.0	2
58	9	1	80.0	1.0	2
59	1	1	100.0	1.0	1
59	11	1			2
59	12	1	100.0	1.0	2
59	13	1	100.0	1.0	2
59	14	0	100.0	1.0	2
59	16	1	80.0	1.0	2
59	17	1	80.0	1.0	2
59	19	1	40.0	1.0	2
59	2	1	100.0	1.0	1
59	20	1	40.0	2.0	2
59	21	1	100.0	1.0	2
59	22	1	80.0	1.0	2
59	23	1	80.0	2.0	2
59	24	1			2
59	25	1			2
59	26	1			2
59	28	1	60.0	1.0	2
59	29	1			2
59	3	1	100.0	1.0	1
59	30	1	60.0	1.0	2
59	31	0	40.0	1.0	2
59	32	0	40.0	1.0	2
59	33	1	100.0	1.0	2
59	34	1	100.0	1.0	2
59	35	1	100.0	1.0	2
59	36	0	100.0	1.0	2
59	37	1			2
59	38	0	40.0	1.0	2
59	39	1	100.0	1.0	2
59	4	1	60.0	1.0	1
59	40	0	40.0	2.0	2
59	41	0			2
59	42	1	100.0	1.0	2
59	43	0			2
59	44	0	40.0	1.0	2
59	45	0	20.0	1.0	2
59	46	1			2
59	47	1			2
59	48	1			2
59	5	1	80.0	1.0	1
59	50	0	60.0	1.0	2
59	51	1			2
59	52	0	80.0	1.0	2
59	53	1			2
59	54	0	80.0	1.0	2
59	55	0	80.0	1.0	2
59	56	0	80.0	1.0	2
59	57	1	100.0	1.0	2
59	58	0	80.0	1.0	2
59	59	1			2
59	6	1	100.0	1.0	1
59	60	1			2
59	61	1			2
59	63	1	100.0	1.0	2
59	64	1	100.0	1.0	2
59	65	1	40.0	1.0	2
59	66	1			2
59	67	1	100.0	1.0	2
59	68	1	20.0	1.0	2
59	69	1	100.0	1.0	2
59	7	1	100.0	1.0	1
59	70	1	100.0	1.0	2
59	71	1	100.0	1.0	2
59	72	1			2
59	73	0			2
59	75	1	100.0	1.0	2
59	76	1	100.0	1.0	2
59	77	1	100.0	2.0	2
59	9	1	100.0	1.0	2
6	1	1	100.0	1.0	1
6	10	0			2
6	11	1	60.0	1.0	2
6	12	1			2
6	13	0			2
6	14	1	80.0	1.0	2
6	15	0	60.0	1.0	2
6	16	0	60.0	1.0	2
6	17	1	100.0	1.0	2
6	18	0	80.0	1.0	2
6	19	0	80.0	2.0	2
6	2	1	100.0	1.0	1
6	20	0	60.0	1.0	2
6	21	1	60.0	1.0	2
6	22	0	60.0	1.0	2
6	23	1	60.0	1.0	2
6	24	1			2
6	25	1			2
6	26	1	100.0	1.0	2
6	27	1	100.0	2.0	2
6	28	1	100.0	1.0	2
6	29	0	20.0	1.0	2
6	3	1	100.0	1.0	1
6	30	0	20.0	2.0	2
6	31	0	100.0	1.0	2
6	33	1	100.0	1.0	2
6	34	1	100.0	1.0	2
6	35	1	100.0	1.0	2
6	36	1	100.0	1.0	2
6	37	0	80.0	1.0	2
6	38	1	80.0	1.0	2
6	39	1			2
6	4	1	100.0	1.0	1
6	41	1			2
6	42	1	60.0	1.0	2
6	43	1			2
6	44	1	100.0	2.0	2
6	45	1			2
6	46	1	100.0	1.0	2
6	47	0	100.0	1.0	2
6	48	1			2
6	49	1	100.0	1.0	2
6	5	1			1
6	50	1	80.0	1.0	2
6	51	1			2
6	51,5	1	100.0	1.0	2
6	52	1			2
6	53	1	60.0	1.0	2
6	54	0	80.0	1.0	2
6	55	1			2
6	56	1			2
6	57	1	100.0	1.0	2
6	58	1			2
6	59	0	60.0	1.0	2
6	6	1	100.0	2.0	2
6	60	0	80.0	1.0	2
6	61	0	100.0	2.0	2
6	62	1	100.0	1.0	2
6	63	1			2
6	64	1	100.0	1.0	2
6	65	1	60.0	1.0	2
6	66	0	0.0	1.0	3
6	67	1	100.0	1.0	3
6	68	0	100.0	1.0	3
6	69	0	100.0	2.0	3
6	7	0	60.0	1.0	2
6	8	0	100.0	1.0	2
6	9	1	80.0	1.0	2
60	1	1	100.0	1.0	1
60	10	1	100.0	1.0	2
60	11	1	100.0	2.0	2
60	12	1	100.0	1.0	2
60	13	1	100.0	1.0	2
60	14	1	100.0	1.0	2
60	15	1	80.0	1.0	2
60	16	1	80.0	2.0	2
60	17	1	100.0	1.0	2
60	18	1	100.0	1.0	2
60	19	1	80.0	1.0	2
60	2	1			1
60	20	1	80.0	1.0	2
60	21	0			2
60	22	0	80.0	1.0	2
60	23	0	80.0	1.0	2
60	24	1			2
60	25	1	100.0	1.0	2
60	26	1	80.0	1.0	2
60	27	1			2
60	28	1	100.0	1.0	2
60	29	1			2
60	3	1	80.0	1.0	1
60	30	1	100.0	2.0	2
60	31	0	80.0	1.0	2
60	32	0	80.0	1.0	2
60	33	1			2
60	34	1	100.0	2.0	2
60	35	1			2
60	36	1	100.0	2.0	2
60	37	1	100.0	1.0	2
60	38	1	80.0	1.0	2
60	39	0	100.0	1.0	2
60	4	1			1
60	40	1			2
60	41	0	80.0	1.0	2
60	42	0	80.0	2.0	2
60	44	0	60.0	2.0	2
60	45	0	60.0	2.0	2
60	46	0	60.0	2.0	2
60	47	1			2
60	48	1	100.0	1.0	2
60	49	1	100.0	1.0	2
60	5	1	100.0	1.0	1
60	6	1	80.0	1.0	1
60	7	1			1
60	8	1			2
60	9	1			2
7	1	1	100.0	1.0	1
7	10	1	100.0	1.0	1
7	11	1	80.0	1.0	1
7	12	1	80.0	1.0	1
7	13	1	100.0	2.0	2
7	14	0	60.0	1.0	2
7	15	0	60.0	1.0	2
7	16	0	100.0	1.0	2
7	17	0			2
7	18	0			2
7	19	1	100.0	1.0	2
7	2	1			1
7	20	0			2
7	21	0			2
7	22	0			2
7	23	0			2
7	24	0	80.0	1.0	2
7	25	1	80.0	1.0	2
7	26	1			2
7	27	1	100.0	1.0	2
7	28	0			2
7	29	0	80.0	1.0	2
7	3	1	100.0	1.0	1
7	30	1	60.0	1.0	2
7	31	1	40.0	1.0	2
7	32	1			2
7	33	0	80.0	1.0	2
7	34	1			2
7	35	1			2
7	36	1	40.0	1.0	2
7	37	1			2
7	38	1	40.0	1.0	2
7	39	1			2
7	4	1			1
7	40	1	60.0	1.0	2
7	41	0			2
7	42	1			2
7	43	1			2
7	44	1			2
7	45	0	100.0	2.0	2
7	46	0	100.0	1.0	2
7	47	1	100.0	1.0	2
7	49	1	100.0	2.0	2
7	5	1			1
7	52	1	60.0	1.0	2
7	53	0	40.0	1.0	2
7	54	0	40.0	2.0	2
7	55	0	40.0	2.0	2
7	56	0	40.0	2.0	2
7	57	1	100.0	2.0	2
7	58	1	100.0	2.0	2
7	59	1	80.0	1.0	2
7	6	1	100.0	1.0	1
7	60	1	80.0	1.0	2
7	69	1	80.0	1.0	2
7	7	1			1
7	70	1	80.0	2.0	2
7	71	1	80.0	2.0	2
7	72	1	80.0	1.0	2
7	73	1			2
7	74	1			2
7	76	0	100.0	1.0	2
7	77	0	80.0	1.0	2
7	8	1	100.0	1.0	1
7	9	1	100.0	1.0	1
8	1	1	100.0	1.0	1
8	10	1	100.0	2.0	2
8	11	1	60.0	1.0	2
8	12	1	60.0	1.0	2
8	13	0	80.0	1.0	2
8	14	0	80.0	2.0	2
8	15	0	60.0	1.0	2
8	16	1	60.0	1.0	2
8	17	0	80.0	1.0	2
8	18	1	80.0	1.0	2
8	19	0	40.0	1.0	2
8	2	1	100.0	1.0	1
8	20	1	40.0	1.0	2
8	21	1	60.0	1.0	2
8	22	0	60.0	1.0	2
8	23	0	60.0	2.0	2
8	24	0	60.0	1.0	2
8	25	0	40.0	1.0	2
8	26	1	40.0	1.0	2
8	27	0	40.0	1.0	2
8	28	1	60.0	1.0	2
8	29	1			2
8	3	1	100.0	1.0	1
8	30	1			2
8	31	1	80.0	1.0	2
8	32	1	100.0	1.0	2
8	33	1			2
8	34	1			2
8	35	0	60.0	1.0	2
8	36	1	40.0	1.0	2
8	37	1			2
8	38	1	40.0	1.0	2
8	39	1			2
8	4	1			1
8	40	0	60.0	1.0	2
8	41	1			2
8	42	1	40.0	1.0	2
8	43	0	40.0	1.0	2
8	44	1	100.0	2.0	2
8	45	0	60.0	1.0	2
8	46	1	100.0	2.0	2
8	47	1	80.0	1.0	2
8	48	1	80.0	1.0	2
8	49	1	40.0	1.0	2
8	5	1	100.0	1.0	1
8	50	0			2
8	51	0	60.0	1.0	2
8	52	1	80.0	1.0	2
8	53	0			2
8	54	1	100.0	2.0	2
8	55	1			2
8	56	1	80.0	1.0	2
8	57	1	80.0	1.0	2
8	58	1	80.0	1.0	2
8	59	1			2
8	6	1	80.0	1.0	1
8	60	1			2
8	61	0	40.0	1.0	2
8	62	1	60.0	1.0	2
8	63	0			2
8	64	1			2
8	65	1	20.0	1.0	2
8	66	1			2
8	67	1	100.0	2.0	2
8	7	1	100.0	1.0	1
8	8	1	100.0	1.0	1
8	9	0	80.0	1.0	1
9	1	1	100.0	1.0	1
9	10	1	100.0	1.0	2
9	11	1			2
9	12	1	80.0	1.0	2
9	13	1	60.0	1.0	2
9	14	1	80.0	1.0	2
9	15	1	80.0	1.0	2
9	16	1	100.0	1.0	2
9	17	1			2
9	18	1	100.0	2.0	2
9	19	0	60.0	1.0	2
9	2	1	100.0	1.0	1
9	20	1	80.0	1.0	2
9	21	1	40.0	1.0	2
9	22	1	60.0	1.0	2
9	23	0			2
9	24	1			2
9	25	0			2
9	26	0			2
9	27	0	60.0	1.0	2
9	28	1	80.0	1.0	2
9	29	1	100.0	1.0	2
9	3	1			1
9	30	0			2
9	31	0			2
9	32	1	80.0	1.0	2
9	33	1	100.0	1.0	2
9	34	1			2
9	35	1			2
9	36	1			2
9	37	0	80.0	1.0	2
9	38	1	100.0	1.0	2
9	39	1	100.0	2.0	2
9	4	1			1
9	40	0	60.0	1.0	2
9	41	1	100.0	1.0	2
9	42	1	40.0	1.0	2
9	43	1	100.0	1.0	2
9	44	1			2
9	46	1	60.0	1.0	2
9	47	0			2
9	48	1	80.0	1.0	2
9	49	0	80.0	1.0	2
9	5	1			1
9	50	0			2
9	52	0	80.0	2.0	2
9	52,5	1	80.0	1.0	2
9	53	1	40.0	1.0	2
9	54	1			2
9	55	1	100.0	2.0	2
9	56	1	100.0	1.0	2
9	57	1			2
9	58	1			2
9	59	1	100.0	1.0	2
9	6	1			1
9	60	1	100.0	1.0	2
9	61	1	100.0	2.0	2
9	62	1	100.0	1.0	2
9	63	1			2
9	64	1			2
9	65	0			2
9	66	0	80.0	1.0	2
9	67	0	40.0	1.0	2
9	68	0	40.0	1.0	2
9	7	1	80.0	1.0	1
9	8	1	100.0	1.0	1
9	9	1	100.0	2.0	2
